Unit,CategoryOldHarv,BucksOldHarv,AntlerlessOldHarv,Total HarvestOldHarv,Total HuntersOldHarv,Percent SuccessOldHarv,Total Rec. DaysOldHarv,TH23OldHarv,PS23OldHarv,TH22OldHarv,PS22OldHarv,threeyearsuccessOldHarv,threeyearshuntersOldHarv,slopeOldHarv,UnitListOldHarv,gmu_area_sqmiOldHarv,public_sqmiOldHarv,percent_publicOldHarv,latitudeOldHarv,longitudeOldHarv,AcresOldHarv,Acres PublicOldHarv,harvestunitOldHarv,Hunters Density Per Sq. MileOldHarv,Hunters Density Per Public Sq. MileOldHarv,onxOldHarv,TagsOldHarv,OTCCat,OTCOldHarv,DAU,Total_Hunters_estimate,Total_Hunters_SE,Total_Hunters_LCL,Total_Hunters_UCL,Total_Harvest_estimate,Total_Harvest_SE,Total_Harvest_LCL,Total_Harvest_UCL,Success_DAU,Total_Days_estimate,SE,LCL,UCL,Sample_Rate,Response_Rate,gmu_area_sqmi,public_sqmi,percent_public,latitude,longitude,Acres,Acres Public,Herd Name,Post Hunt Estimate,Buck/ Doe ratio (per 100),onx
1,NA,NA,NA,NA,NA,NA,NA,NA,NA,NA,NA,NA,NA,NA,NA,NA,NA,NA,NA,NA,NA,NA,NA,NA,NA,NA,NA,NA,NA,1,130,1,128,132,106,3,100,112,0.82,559,34,497,629,1.01,0.65,  221.10808,  161.8396356938,73%,40.696142107485095,-108.9841079233654,"  141,509.17","  103,577.36684405",Little Snake,1460,29,https://webmap.onxmaps.com/hunt/map#9.45/40.6961421074851/-108.984107923365
2,NA,NA,NA,NA,NA,NA,NA,NA,NA,NA,NA,NA,NA,NA,NA,NA,NA,NA,NA,NA,NA,NA,NA,NA,NA,NA,NA,NA,NA,1,130,1,128,132,106,3,100,112,0.82,559,34,497,629,1.01,0.65,"2,082.06853","1,747.2727827546",84%,40.74843738832308,-108.52102301461989,"1,332,523.86","1,118,254.58096294",Little Snake,1460,29,https://webmap.onxmaps.com/hunt/map#9.45/40.7484373883231/-108.52102301462
201,NA,NA,NA,NA,NA,NA,NA,NA,NA,NA,NA,NA,NA,NA,NA,NA,NA,NA,NA,NA,NA,NA,NA,NA,NA,NA,NA,NA,NA,1,130,1,128,132,106,3,100,112,0.82,559,34,497,629,1.01,0.65,  420.32655,  416.9956389203,99%,40.88191514370558,-108.88454776856622,"  269,008.99","  266,877.20890899",Little Snake,1460,29,https://webmap.onxmaps.com/hunt/map#9.45/40.8819151437056/-108.884547768566
3,NA,NA,NA,NA,NA,NA,NA,NA,NA,NA,NA,NA,NA,NA,NA,NA,NA,NA,NA,NA,NA,NA,NA,NA,NA,NA,NA,NA,NA,2,3586,55,3479,3586,2161,61,2044,2284,0.6,14973,482,14057,15949,0.52,0.6,"1,475.87942",  783.5156353910,53%,40.76013691691813,-107.92800926200428,"  944,562.83","  501,450.00665025",Bears Ears,21330,22,https://webmap.onxmaps.com/hunt/map#9.45/40.7601369169181/-107.928009262004
4,NA,NA,NA,NA,NA,NA,NA,NA,NA,NA,NA,NA,NA,NA,NA,NA,NA,NA,NA,NA,NA,NA,NA,NA,NA,NA,NA,NA,NA,2,3586,55,3479,3586,2161,61,2044,2284,0.6,14973,482,14057,15949,0.52,0.6,  816.08431,  371.7983534289,46%,40.78594452803292,-107.39991596865592,"  522,293.96","  237,950.94619452",Bears Ears,21330,22,https://webmap.onxmaps.com/hunt/map#9.45/40.7859445280329/-107.399915968656
5,NA,NA,NA,NA,NA,NA,NA,NA,NA,NA,NA,NA,NA,NA,NA,NA,NA,NA,NA,NA,NA,NA,NA,NA,NA,NA,NA,NA,NA,2,3586,55,3479,3586,2161,61,2044,2284,0.6,14973,482,14057,15949,0.52,0.6,  523.79037,  312.3663581701,60%,40.9224787729117,-107.0949103659137,"  335,225.84","  199,914.46922889",Bears Ears,21330,22,https://webmap.onxmaps.com/hunt/map#9.45/40.9224787729117/-107.094910365914
14,NA,NA,NA,NA,NA,NA,NA,NA,NA,NA,NA,NA,NA,NA,NA,NA,NA,NA,NA,NA,NA,NA,NA,NA,NA,NA,NA,NA,NA,2,3586,55,3479,3586,2161,61,2044,2284,0.6,14973,482,14057,15949,0.52,0.6,  710.64246,  608.0688545461,86%,40.64805223700346,-106.78235398060852,"  454,811.18","  389,164.06690952",Bears Ears,21330,22,https://webmap.onxmaps.com/hunt/map#9.45/40.6480522370035/-106.782353980609
214,NA,NA,NA,NA,NA,NA,NA,NA,NA,NA,NA,NA,NA,NA,NA,NA,NA,NA,NA,NA,NA,NA,NA,NA,NA,NA,NA,NA,NA,2,3586,55,3479,3586,2161,61,2044,2284,0.6,14973,482,14057,15949,0.52,0.6,  401.06100,   89.8530839317,22%,40.642251620729446,-107.00814944638188,"  256,679.04","   57,505.97371631",Bears Ears,21330,22,https://webmap.onxmaps.com/hunt/map#9.45/40.6422516207294/-107.008149446382
301,NA,NA,NA,NA,NA,NA,NA,NA,NA,NA,NA,NA,NA,NA,NA,NA,NA,NA,NA,NA,NA,NA,NA,NA,NA,NA,NA,NA,NA,2,3586,55,3479,3586,2161,61,2044,2284,0.6,14973,482,14057,15949,0.52,0.6,  641.10777,   82.0165077071,13%,40.583051909491914,-107.68891866903346,"  410,308.98","   52,490.56493253",Bears Ears,21330,22,https://webmap.onxmaps.com/hunt/map#9.45/40.5830519094919/-107.688918669033
441,NA,NA,NA,NA,NA,NA,NA,NA,NA,NA,NA,NA,NA,NA,NA,NA,NA,NA,NA,NA,NA,NA,NA,NA,NA,NA,NA,NA,NA,2,3586,55,3479,3586,2161,61,2044,2284,0.6,14973,482,14057,15949,0.52,0.6,  337.37418,   94.9953922545,28%,40.61143317401913,-107.21064341338534,"  215,919.47","   60,797.05104290",Bears Ears,21330,22,https://webmap.onxmaps.com/hunt/map#9.45/40.6114331740191/-107.210643413385
6,NA,NA,NA,NA,NA,NA,NA,NA,NA,NA,NA,NA,NA,NA,NA,NA,NA,NA,NA,NA,NA,NA,NA,NA,NA,NA,NA,NA,NA,3,894,14,867,922,342,16,312,374,0.38,4275,128,4032,4533,0.87,0.59,  617.67841,  425.0218859987,69%,40.75795403659599,-106.13816698901816,"  395,314.18","  272,014.00703914",North Park,5410,36,https://webmap.onxmaps.com/hunt/map#9.45/40.757954036596/-106.138166989018
16,NA,NA,NA,NA,NA,NA,NA,NA,NA,NA,NA,NA,NA,NA,NA,NA,NA,NA,NA,NA,NA,NA,NA,NA,NA,NA,NA,NA,NA,3,894,14,867,922,342,16,312,374,0.38,4275,128,4032,4533,0.87,0.59,  555.67532,  286.5067755261,52%,40.59127558829043,-106.54270418428226,"  355,632.20","  183,364.33633670",North Park,5410,36,https://webmap.onxmaps.com/hunt/map#9.45/40.5912755882904/-106.542704184282
17,NA,NA,NA,NA,NA,NA,NA,NA,NA,NA,NA,NA,NA,NA,NA,NA,NA,NA,NA,NA,NA,NA,NA,NA,NA,NA,NA,NA,NA,3,894,14,867,922,342,16,312,374,0.38,4275,128,4032,4533,0.87,0.59,  487.20581,  334.0805387468,69%,40.46855537653808,-106.31715842380244,"  311,811.72","  213,811.54479796",North Park,5410,36,https://webmap.onxmaps.com/hunt/map#9.45/40.4685553765381/-106.317158423802
161,NA,NA,NA,NA,NA,NA,NA,NA,NA,NA,NA,NA,NA,NA,NA,NA,NA,NA,NA,NA,NA,NA,NA,NA,NA,NA,NA,NA,NA,3,894,14,867,922,342,16,312,374,0.38,4275,128,4032,4533,0.87,0.59,  714.15324,  531.1398856256,74%,40.87823554952699,-106.5314186789568,"  457,058.07","  339,929.52680040",North Park,5410,36,https://webmap.onxmaps.com/hunt/map#9.45/40.878235549527/-106.531418678957
171,NA,NA,NA,NA,NA,NA,NA,NA,NA,NA,NA,NA,NA,NA,NA,NA,NA,NA,NA,NA,NA,NA,NA,NA,NA,NA,NA,NA,NA,3,894,14,867,922,342,16,312,374,0.38,4275,128,4032,4533,0.87,0.59,  444.00004,  338.7723402505,76%,40.51331220378768,-106.10143313372352,"  284,160.03","  216,814.29776029",North Park,5410,36,https://webmap.onxmaps.com/hunt/map#9.45/40.5133122037877/-106.101433133724
7,NA,NA,NA,NA,NA,NA,NA,NA,NA,NA,NA,NA,NA,NA,NA,NA,NA,NA,NA,NA,NA,NA,NA,NA,NA,NA,NA,NA,NA,4,4869,59,4755,4869,1419,67,1294,1556,0.29,22332,681,21036,23707,0.38,0.52,  425.34604,  371.8141949560,87%,40.81506446568107,-105.99136984657552,"  272,221.46","  237,961.08477187",Red Feather,12320,34,https://webmap.onxmaps.com/hunt/map#9.45/40.8150644656811/-105.991369846576
8,NA,NA,NA,NA,NA,NA,NA,NA,NA,NA,NA,NA,NA,NA,NA,NA,NA,NA,NA,NA,NA,NA,NA,NA,NA,NA,NA,NA,NA,4,4869,59,4755,4869,1419,67,1294,1556,0.29,22332,681,21036,23707,0.38,0.52,  766.73533,  586.4146205335,76%,40.85336261328245,-105.72469602241878,"  490,710.61","  375,305.35714144",Red Feather,12320,34,https://webmap.onxmaps.com/hunt/map#9.45/40.8533626132824/-105.724696022419
9,NA,NA,NA,NA,NA,NA,NA,NA,NA,NA,NA,NA,NA,NA,NA,NA,NA,NA,NA,NA,NA,NA,NA,NA,NA,NA,NA,NA,NA,4,4869,59,4755,4869,1419,67,1294,1556,0.29,22332,681,21036,23707,0.38,0.52,  676.28886,    3.2129985375,0%,40.843697728765896,-105.11358860737788,"  432,824.87","    2,056.31906402",Red Feather,12320,34,https://webmap.onxmaps.com/hunt/map#9.45/40.8436977287659/-105.113588607378
19,NA,NA,NA,NA,NA,NA,NA,NA,NA,NA,NA,NA,NA,NA,NA,NA,NA,NA,NA,NA,NA,NA,NA,NA,NA,NA,NA,NA,NA,4,4869,59,4755,4869,1419,67,1294,1556,0.29,22332,681,21036,23707,0.38,0.52,  734.85574,  457.5327380467,62%,40.60318759296001,-105.47282532050696,"  470,307.67","  292,820.95234988",Red Feather,12320,34,https://webmap.onxmaps.com/hunt/map#9.45/40.60318759296/-105.472825320507
191,NA,NA,NA,NA,NA,NA,NA,NA,NA,NA,NA,NA,NA,NA,NA,NA,NA,NA,NA,NA,NA,NA,NA,NA,NA,NA,NA,NA,NA,4,4869,59,4755,4869,1419,67,1294,1556,0.29,22332,681,21036,23707,0.38,0.52,  523.27878,  243.4964946084,47%,40.810669730771586,-105.3829276579241,"  334,898.42","  155,837.75654941",Red Feather,12320,34,https://webmap.onxmaps.com/hunt/map#9.45/40.8106697307716/-105.382927657924
87,NA,NA,NA,NA,NA,NA,NA,NA,NA,NA,NA,NA,NA,NA,NA,NA,NA,NA,NA,NA,NA,NA,NA,NA,NA,NA,NA,NA,NA,5,717,12,694,741,268,14,243,296,0.37,3473,141,3207,3760,0.98,0.52,"1,950.36368",  283.1271100375,15%,40.78958518680631,-104.58813274660297,"1,248,232.76","  181,201.35042397",North Tablelands,1820,36,https://webmap.onxmaps.com/hunt/map#9.45/40.7895851868063/-104.588132746603
88,NA,NA,NA,NA,NA,NA,NA,NA,NA,NA,NA,NA,NA,NA,NA,NA,NA,NA,NA,NA,NA,NA,NA,NA,NA,NA,NA,NA,NA,5,717,12,694,741,268,14,243,296,0.37,3473,141,3207,3760,0.98,0.52,"1,199.72609",  187.6353719955,16%,40.82549145790373,-103.9360505460238,"  767,824.70","  120,086.63807713",North Tablelands,1820,36,https://webmap.onxmaps.com/hunt/map#9.45/40.8254914579037/-103.936050546024
89,NA,NA,NA,NA,NA,NA,NA,NA,NA,NA,NA,NA,NA,NA,NA,NA,NA,NA,NA,NA,NA,NA,NA,NA,NA,NA,NA,NA,NA,5,717,12,694,741,268,14,243,296,0.37,3473,141,3207,3760,0.98,0.52,"1,351.86371",   58.6975696778,4%,40.81542938295689,-103.40853194542626,"  865,192.78","   37,566.44459378",North Tablelands,1820,36,https://webmap.onxmaps.com/hunt/map#9.45/40.8154293829569/-103.408531945426
90,NA,NA,NA,NA,NA,NA,NA,NA,NA,NA,NA,NA,NA,NA,NA,NA,NA,NA,NA,NA,NA,NA,NA,NA,NA,NA,NA,NA,NA,5,717,12,694,741,268,14,243,296,0.37,3473,141,3207,3760,0.98,0.52,  655.55635,   13.0546830750,2%,40.92053943146104,-102.82788923189658,"  419,556.07","    8,354.99716801",North Tablelands,1820,36,https://webmap.onxmaps.com/hunt/map#9.45/40.920539431461/-102.827889231897
95,NA,NA,NA,NA,NA,NA,NA,NA,NA,NA,NA,NA,NA,NA,NA,NA,NA,NA,NA,NA,NA,NA,NA,NA,NA,NA,NA,NA,NA,5,717,12,694,741,268,14,243,296,0.37,3473,141,3207,3760,0.98,0.52,"1,286.52246",   27.4001007061,2%,40.48492359532595,-103.72152182062482,"  823,374.37","   17,536.06445192",North Tablelands,1820,36,https://webmap.onxmaps.com/hunt/map#9.45/40.484923595326/-103.721521820625
10,NA,NA,NA,NA,NA,NA,NA,NA,NA,NA,NA,NA,NA,NA,NA,NA,NA,NA,NA,NA,NA,NA,NA,NA,NA,NA,NA,NA,NA,6,67,1,65,69,58,2,55,62,0.87,380,15,352,410,1,0.7,"1,430.21021",  888.0957642566,62%,40.30322739112264,-108.77259687033796,"  915,334.53","  568,381.28912421",Rangely,870,42,https://webmap.onxmaps.com/hunt/map#9.45/40.3032273911226/-108.772596870338
11,NA,NA,NA,NA,NA,NA,NA,NA,NA,NA,NA,NA,NA,NA,NA,NA,NA,NA,NA,NA,NA,NA,NA,NA,NA,NA,NA,NA,NA,7,4564,32,4502,4564,2363,63,2242,2490,0.52,21069,373,20350,21813,0.5,0.56,"1,049.72571",  699.8219840785,67%,40.301233903831125,-108.2265606800728,"  671,824.46","  447,886.06981023",White River,23520,29,https://webmap.onxmaps.com/hunt/map#9.45/40.3012339038311/-108.226560680073
12,NA,NA,NA,NA,NA,NA,NA,NA,NA,NA,NA,NA,NA,NA,NA,NA,NA,NA,NA,NA,NA,NA,NA,NA,NA,NA,NA,NA,NA,7,4564,32,4502,4564,2363,63,2242,2490,0.52,21069,373,20350,21813,0.5,0.56,  845.56726,  441.2296796117,52%,40.21434540864836,-107.4903697865117,"  541,163.05","  282,386.99495149",White River,23520,29,https://webmap.onxmaps.com/hunt/map#9.45/40.2143454086484/-107.490369786512
13,NA,NA,NA,NA,NA,NA,NA,NA,NA,NA,NA,NA,NA,NA,NA,NA,NA,NA,NA,NA,NA,NA,NA,NA,NA,NA,NA,NA,NA,7,4564,32,4502,4564,2363,63,2242,2490,0.52,21069,373,20350,21813,0.5,0.56,  625.35711,   66.0322999742,11%,40.41797950603164,-107.32122641638192,"  400,228.55","   42,260.67198346",White River,23520,29,https://webmap.onxmaps.com/hunt/map#9.45/40.4179795060316/-107.321226416382
22,NA,NA,NA,NA,NA,NA,NA,NA,NA,NA,NA,NA,NA,NA,NA,NA,NA,NA,NA,NA,NA,NA,NA,NA,NA,NA,NA,NA,NA,7,4564,32,4502,4564,2363,63,2242,2490,0.52,21069,373,20350,21813,0.5,0.56,"1,679.71009","1,289.3213922339",77%,39.886419868391634,-108.28245258861124,"1,075,014.46","  825,165.69102970",White River,23520,29,https://webmap.onxmaps.com/hunt/map#9.45/39.8864198683916/-108.282452588611
23,NA,NA,NA,NA,NA,NA,NA,NA,NA,NA,NA,NA,NA,NA,NA,NA,NA,NA,NA,NA,NA,NA,NA,NA,NA,NA,NA,NA,NA,7,4564,32,4502,4564,2363,63,2242,2490,0.52,21069,373,20350,21813,0.5,0.56,  719.44911,  321.4527950841,45%,39.94640973275925,-107.77863139875213,"  460,447.43","  205,729.78885380",White River,23520,29,https://webmap.onxmaps.com/hunt/map#9.45/39.9464097327592/-107.778631398752
24,NA,NA,NA,NA,NA,NA,NA,NA,NA,NA,NA,NA,NA,NA,NA,NA,NA,NA,NA,NA,NA,NA,NA,NA,NA,NA,NA,NA,NA,7,4564,32,4502,4564,2363,63,2242,2490,0.52,21069,373,20350,21813,0.5,0.56,  747.94858,  693.6942674606,93%,39.95887536401253,-107.40232150538192,"  478,687.09","  443,964.33117477",White River,23520,29,https://webmap.onxmaps.com/hunt/map#9.45/39.9588753640125/-107.402321505382
131,NA,NA,NA,NA,NA,NA,NA,NA,NA,NA,NA,NA,NA,NA,NA,NA,NA,NA,NA,NA,NA,NA,NA,NA,NA,NA,NA,NA,NA,7,4564,32,4502,4564,2363,63,2242,2490,0.52,21069,373,20350,21813,0.5,0.56,  333.53900,   35.5207765291,11%,40.3547959364852,-106.98289361365448,"  213,464.96","   22,733.29697860",White River,23520,29,https://webmap.onxmaps.com/hunt/map#9.45/40.3547959364852/-106.982893613654
211,NA,NA,NA,NA,NA,NA,NA,NA,NA,NA,NA,NA,NA,NA,NA,NA,NA,NA,NA,NA,NA,NA,NA,NA,NA,NA,NA,NA,NA,7,4564,32,4502,4564,2363,63,2242,2490,0.52,21069,373,20350,21813,0.5,0.56,  743.27653,  329.5141106482,44%,40.29880865977781,-107.91969962140058,"  475,696.98","  210,889.03081485",White River,23520,29,https://webmap.onxmaps.com/hunt/map#9.45/40.2988086597778/-107.919699621401
231,NA,NA,NA,NA,NA,NA,NA,NA,NA,NA,NA,NA,NA,NA,NA,NA,NA,NA,NA,NA,NA,NA,NA,NA,NA,NA,NA,NA,NA,7,4564,32,4502,4564,2363,63,2242,2490,0.52,21069,373,20350,21813,0.5,0.56,  305.70314,  194.0457232992,63%,40.167070670182646,-107.09189663437051,"  195,650.01","  124,189.26291147",White River,23520,29,https://webmap.onxmaps.com/hunt/map#9.45/40.1670706701826/-107.091896634371
15,NA,NA,NA,NA,NA,NA,NA,NA,NA,NA,NA,NA,NA,NA,NA,NA,NA,NA,NA,NA,NA,NA,NA,NA,NA,NA,NA,NA,NA,8,3976,49,3882,4000,1566,63,1447,1695,0.39,17421,385,16682,18193,0.44,0.54,  843.34767,  549.8785183255,65%,40.14756246676384,-106.73103073997014,"  539,742.51","  351,922.25172829",State Bridge,12920,24,https://webmap.onxmaps.com/hunt/map#9.45/40.1475624667638/-106.73103073997
35,NA,NA,NA,NA,NA,NA,NA,NA,NA,NA,NA,NA,NA,NA,NA,NA,NA,NA,NA,NA,NA,NA,NA,NA,NA,NA,NA,NA,NA,8,3976,49,3882,4000,1566,63,1447,1695,0.39,17421,385,16682,18193,0.44,0.54,  454.38641,  317.8742744800,70%,39.76679410067051,-106.8467406140102,"  290,807.31","  203,439.53566720",State Bridge,12920,24,https://webmap.onxmaps.com/hunt/map#9.45/39.7667941006705/-106.84674061401
36,NA,NA,NA,NA,NA,NA,NA,NA,NA,NA,NA,NA,NA,NA,NA,NA,NA,NA,NA,NA,NA,NA,NA,NA,NA,NA,NA,NA,NA,8,3976,49,3882,4000,1566,63,1447,1695,0.39,17421,385,16682,18193,0.44,0.54,  465.79848,  382.0673946809,82%,39.718194149812135,-106.4709142423834,"  298,111.03","  244,523.13259577",State Bridge,12920,24,https://webmap.onxmaps.com/hunt/map#9.45/39.7181941498121/-106.470914242383
45,NA,NA,NA,NA,NA,NA,NA,NA,NA,NA,NA,NA,NA,NA,NA,NA,NA,NA,NA,NA,NA,NA,NA,NA,NA,NA,NA,NA,NA,8,3976,49,3882,4000,1566,63,1447,1695,0.39,17421,385,16682,18193,0.44,0.54,  564.67197,  503.3961344584,89%,39.49444716411517,-106.40496589444118,"  361,390.06","  322,173.52605337",State Bridge,12920,24,https://webmap.onxmaps.com/hunt/map#9.45/39.4944471641152/-106.404965894441
18,NA,NA,NA,NA,NA,NA,NA,NA,NA,NA,NA,NA,NA,NA,NA,NA,NA,NA,NA,NA,NA,NA,NA,NA,NA,NA,NA,NA,NA,9,3449,53,3346,3449,1084,56,979,1200,0.31,16586,521,15596,17639,0.39,0.56,"1,109.03334",  716.2278023312,65%,40.23015999963011,-105.97606297890532,"  709,781.34","  458,385.79349195",Middle Park,8560,31,https://webmap.onxmaps.com/hunt/map#9.45/40.2301599996301/-105.976062978905
27,NA,NA,NA,NA,NA,NA,NA,NA,NA,NA,NA,NA,NA,NA,NA,NA,NA,NA,NA,NA,NA,NA,NA,NA,NA,NA,NA,NA,NA,9,3449,53,3346,3449,1084,56,979,1200,0.31,16586,521,15596,17639,0.39,0.56,  338.26842,  180.6823033764,53%,40.20010138916104,-106.53017954993072,"  216,491.79","  115,636.67416087",Middle Park,8560,31,https://webmap.onxmaps.com/hunt/map#9.45/40.200101389161/-106.530179549931
28,NA,NA,NA,NA,NA,NA,NA,NA,NA,NA,NA,NA,NA,NA,NA,NA,NA,NA,NA,NA,NA,NA,NA,NA,NA,NA,NA,NA,NA,9,3449,53,3346,3449,1084,56,979,1200,0.31,16586,521,15596,17639,0.39,0.56,"1,130.26543",  764.5980756239,68%,39.9390718102676,-105.96096270574034,"  723,369.87","  489,342.76839928",Middle Park,8560,31,https://webmap.onxmaps.com/hunt/map#9.45/39.9390718102676/-105.96096270574
37,NA,NA,NA,NA,NA,NA,NA,NA,NA,NA,NA,NA,NA,NA,NA,NA,NA,NA,NA,NA,NA,NA,NA,NA,NA,NA,NA,NA,NA,9,3449,53,3346,3449,1084,56,979,1200,0.31,16586,521,15596,17639,0.39,0.56,  892.74925,  631.8010417592,71%,39.661674617570846,-106.12577248241035,"  571,359.52","  404,352.66672586",Middle Park,8560,31,https://webmap.onxmaps.com/hunt/map#9.45/39.6616746175708/-106.12577248241
181,NA,NA,NA,NA,NA,NA,NA,NA,NA,NA,NA,NA,NA,NA,NA,NA,NA,NA,NA,NA,NA,NA,NA,NA,NA,NA,NA,NA,NA,9,3449,53,3346,3449,1084,56,979,1200,0.31,16586,521,15596,17639,0.39,0.56,  312.57939,  186.5879308550,60%,40.233714818332615,-106.3873715171488,"  200,050.81","  119,416.27574719",Middle Park,8560,31,https://webmap.onxmaps.com/hunt/map#9.45/40.2337148183326/-106.387371517149
371,NA,NA,NA,NA,NA,NA,NA,NA,NA,NA,NA,NA,NA,NA,NA,NA,NA,NA,NA,NA,NA,NA,NA,NA,NA,NA,NA,NA,NA,9,3449,53,3346,3449,1084,56,979,1200,0.31,16586,521,15596,17639,0.39,0.56,  290.56785,  248.3274978613,85%,39.702539987136355,-106.20568203677156,"  185,963.43","  158,929.59863122",Middle Park,8560,31,https://webmap.onxmaps.com/hunt/map#9.45/39.7025399871364/-106.205682036772
20,NA,NA,NA,NA,NA,NA,NA,NA,NA,NA,NA,NA,NA,NA,NA,NA,NA,NA,NA,NA,NA,NA,NA,NA,NA,NA,NA,NA,NA,10,1858,S,1773,1946,826,51,732,932,0.44,11319,775,9899,12942,0.39,0.5,"2,078.46286",  532.9827614024,26%,40.32431847025685,-105.36216745333888,"1,330,216.23","  341,108.96729751",Big Thompson,8740,39,https://webmap.onxmaps.com/hunt/map#9.45/40.3243184702568/-105.362167453339
21,NA,NA,NA,NA,NA,NA,NA,NA,NA,NA,NA,NA,NA,NA,NA,NA,NA,NA,NA,NA,NA,NA,NA,NA,NA,NA,NA,NA,NA,11,718,0,718,718,529,14,503,556,0.74,3265,80,3113,3425,0.71,0.58,"1,508.76582","1,325.9238402204",88%,39.85774449788705,-108.80289524752595,"  965,610.12","  848,591.25774107",Bookcliffs,7500,35,https://webmap.onxmaps.com/hunt/map#9.45/39.857744497887/-108.802895247526
30,NA,NA,NA,NA,NA,NA,NA,NA,NA,NA,NA,NA,NA,NA,NA,NA,NA,NA,NA,NA,NA,NA,NA,NA,NA,NA,NA,NA,NA,11,718,0,718,718,529,14,503,556,0.74,3265,80,3113,3425,0.71,0.58,"1,451.29152","1,073.0245925232",74%,39.33317031774471,-108.77099754861048,"  928,826.57","  686,735.73921486",Bookcliffs,7500,35,https://webmap.onxmaps.com/hunt/map#9.45/39.3331703177447/-108.77099754861
41,NA,NA,NA,NA,NA,NA,NA,NA,NA,NA,NA,NA,NA,NA,NA,NA,NA,NA,NA,NA,NA,NA,NA,NA,NA,NA,NA,NA,NA,12,2473,29,2417,2473,1504,52,1405,1609,0.61,11638,402,10877,12453,0.45,0.57,  543.75226,  342.9743107095,63%,39.0231517885103,-108.2648771776802,"  348,001.45","  219,503.55885408",North Grand Mesa,16730,28,https://webmap.onxmaps.com/hunt/map#9.45/39.0231517885103/-108.26487717768
42,NA,NA,NA,NA,NA,NA,NA,NA,NA,NA,NA,NA,NA,NA,NA,NA,NA,NA,NA,NA,NA,NA,NA,NA,NA,NA,NA,NA,NA,12,2473,29,2417,2473,1504,52,1405,1609,0.61,11638,402,10877,12453,0.45,0.57,"1,014.92322",  559.8960086309,55%,39.398838621367666,-107.73962173709054,"  649,550.86","  358,333.44552377",North Grand Mesa,16730,28,https://webmap.onxmaps.com/hunt/map#9.45/39.3988386213677/-107.739621737091
421,NA,NA,NA,NA,NA,NA,NA,NA,NA,NA,NA,NA,NA,NA,NA,NA,NA,NA,NA,NA,NA,NA,NA,NA,NA,NA,NA,NA,NA,12,2473,29,2417,2473,1504,52,1405,1609,0.61,11638,402,10877,12453,0.45,0.57,  901.52822,  593.1253212606,66%,39.20112330396951,-107.87448947538192,"  576,978.06","  379,600.20560680",North Grand Mesa,16730,28,https://webmap.onxmaps.com/hunt/map#9.45/39.2011233039695/-107.874489475382
43,NA,NA,NA,NA,NA,NA,NA,NA,NA,NA,NA,NA,NA,NA,NA,NA,NA,NA,NA,NA,NA,NA,NA,NA,NA,NA,NA,NA,NA,13,964,4,956,971,441,21,403,484,0.46,4772,169,4451,5115,0.66,0.62,"1,244.26118",  908.4703088808,73%,39.22614533593483,-107.1376260233469,"  796,327.15","  581,420.99768371",Maroon Bells,5070,26,https://webmap.onxmaps.com/hunt/map#9.45/39.2261453359348/-107.137626023347
47,NA,NA,NA,NA,NA,NA,NA,NA,NA,NA,NA,NA,NA,NA,NA,NA,NA,NA,NA,NA,NA,NA,NA,NA,NA,NA,NA,NA,NA,13,964,4,956,971,441,21,403,484,0.46,4772,169,4451,5115,0.66,0.62,  490.52821,  448.7485519557,91%,39.2521324446307,-106.72215457856792,"  313,938.06","  287,199.07325166",Maroon Bells,5070,26,https://webmap.onxmaps.com/hunt/map#9.45/39.2521324446307/-106.722154578568
471,NA,NA,NA,NA,NA,NA,NA,NA,NA,NA,NA,NA,NA,NA,NA,NA,NA,NA,NA,NA,NA,NA,NA,NA,NA,NA,NA,NA,NA,13,964,4,956,971,441,21,403,484,0.46,4772,169,4451,5115,0.66,0.62,  172.90778,  154.8488044486,90%,39.081094095283945,-106.7247845557572,"  110,660.98","   99,103.23484708",Maroon Bells,5070,26,https://webmap.onxmaps.com/hunt/map#9.45/39.0810940952839/-106.724784555757
44,NA,NA,NA,NA,NA,NA,NA,NA,NA,NA,NA,NA,NA,NA,NA,NA,NA,NA,NA,NA,NA,NA,NA,NA,NA,NA,NA,NA,NA,14,317,5,307,328,163,8,148,181,0.51,1877,84,1719,2049,0.91,0.59,  634.83014,  500.0009521580,79%,39.55621270309135,-106.799104307543,"  406,291.29","  320,000.60938113",Brush Creek,2170,37,https://webmap.onxmaps.com/hunt/map#9.45/39.5562127030913/-106.799104307543
48,All Whitetail Only Rifle Seasons,0,0,0,12,0,41,14,33,18,0,11%,15,-5.024295867788082e-15,48,  499,  460,92%,39.13101881312801,-106.4305587690822,"  319,414","  294,257",48 All Whitetail Only Rifle Seasons,24,26.1,https://webmap.onxmaps.com/hunt/map#9.45/39.131018813128/-106.430558769082,"DM048E1R,DF048O1M,DM048O1M,DM048O1A,DM048O2R,DM048O3R,DE048U6R",Whitetail Only Late Rifle Season,WTOLR,15,1056,16,1025,1087,441,24,396,491,0.42,4936,175,4604,5291,0.73,0.56,  499.08458,  459.7770167324,92%,39.13101881312801,-106.4305587690822,"  319,414.13","  294,257.29070873",Cottonwood Creek,3230,23,https://webmap.onxmaps.com/hunt/map#9.45/39.131018813128/-106.430558769082
56,All Whitetail Only Rifle Seasons,0,0,0,2,0,12,2,0,7,71,24%,4,-35.50000000000001,56,  396,  278,70%,38.62932468007888,-106.20640250190934,"  253,680","  178,123",56 All Whitetail Only Rifle Seasons,5,7.2,https://webmap.onxmaps.com/hunt/map#9.45/38.6293246800789/-106.206402501909,"DM048E1R,DF056L1R,DF048O1M,DM048O1M,DM048O1A,DM048O2R,DM048O3R,DF056P2R,DF056P3R,DE048U6R",Whitetail Only Late Rifle Season,WTOLR,15,1056,16,1025,1087,441,24,396,491,0.42,4936,175,4604,5291,0.73,0.56,  396.37536,  278.3164182378,70%,38.62932468007888,-106.20640250190934,"  253,680.23","  178,122.50767222",Cottonwood Creek,3230,23,https://webmap.onxmaps.com/hunt/map#9.45/38.6293246800789/-106.206402501909
481,NA,NA,NA,NA,NA,NA,NA,NA,NA,NA,NA,NA,NA,NA,NA,NA,NA,NA,NA,NA,NA,NA,NA,NA,NA,NA,NA,Whitetail Only Late Rifle Season,NA,15,1056,16,1025,1087,441,24,396,491,0.42,4936,175,4604,5291,0.73,0.56,  466.56047,  372.1714489769,80%,38.84880595939672,-106.27876705643126,"  298,598.70","  238,189.72734523",Cottonwood Creek,3230,23,https://webmap.onxmaps.com/hunt/map#9.45/38.8488059593967/-106.278767056431
561,All Whitetail Only Rifle Seasons,0,0,0,5,0,15,NA,NA,2,0,0%,4,0,561,  209,  190,91%,38.45644345118265,-106.19580722722652,"  133,739","  121,896",561 All Whitetail Only Rifle Seasons,23.9,26.3,https://webmap.onxmaps.com/hunt/map#9.45/38.4564434511827/-106.195807227227,"DM048E1R,DF048O1M,DM048O1M,DM048O1A,DM048O2R,DM048O3R,DE048U6R",Whitetail Only Late Rifle Season,WTOLR,15,1056,16,1025,1087,441,24,396,491,0.42,4936,175,4604,5291,0.73,0.56,  208.96689,  190.4628427125,91%,38.45644345118265,-106.19580722722652,"  133,738.81","  121,896.21933601",Cottonwood Creek,3230,23,https://webmap.onxmaps.com/hunt/map#9.45/38.4564434511827/-106.195807227227
49,NA,NA,NA,NA,NA,NA,NA,NA,NA,NA,NA,NA,NA,NA,NA,NA,NA,NA,NA,NA,NA,NA,NA,NA,NA,NA,NA,Whitetail Only Late Rifle Season,NA,16,2179,43,2097,2265,1048,51,952,1154,0.48,8908,376,8201,9675,0.55,0.56,  895.50110,  645.0343122849,72%,39.12300822437607,-106.1422316323452,"  573,120.70","  412,821.95986234",Cripple Creek,10900,24,https://webmap.onxmaps.com/hunt/map#9.45/39.1230082243761/-106.142231632345
57,All Whitetail Only Rifle Seasons,0,2,2,2,100,17,NA,NA,NA,NA,100%,2,NA,57,  444,  330,74%,38.67754180525702,-105.94897257006104,"  284,135","  211,266",57 All Whitetail Only Rifle Seasons,4.5,6.1,https://webmap.onxmaps.com/hunt/map#9.45/38.677541805257/-105.948972570061,"DF056L1R,DF049O1M,DM049O1M,DE049O1A,DF049O2R,DM049O2R,DF049O3R,DM049O3R,DF049P2R,DF049P3R,DE048U6R",Whitetail Only Late Rifle Season,WTOLR,16,2179,43,2097,2265,1048,51,952,1154,0.48,8908,376,8201,9675,0.55,0.56,  443.96111,  330.1038599531,74%,38.67754180525702,-105.94897257006104,"  284,135.11","  211,266.47037001",Cripple Creek,10900,24,https://webmap.onxmaps.com/hunt/map#9.45/38.677541805257/-105.948972570061
58,All Whitetail Only Rifle Seasons,0,0,0,2,0,2,5,0,8,33,11%,5,-16.500000000000004,58,"1,438",  673,47%,38.70213904844839,-105.67748537120043,"  920,615","  431,034",58 All Whitetail Only Rifle Seasons,1.4,3,https://webmap.onxmaps.com/hunt/map#9.45/38.7021390484484/-105.6774853712,"DF049O1M,DM049O1M,DE049O1A,DF058O2R,DM049O2R,DF058O3R,DM049O3R,DE048U6R",Whitetail Only Late Rifle Season,WTOLR,16,2179,43,2097,2265,1048,51,952,1154,0.48,8908,376,8201,9675,0.55,0.56,"1,438.46050",  673.4901905340,47%,38.70213904844839,-105.67748537120043,"  920,614.72","  431,033.72194178",Cripple Creek,10900,24,https://webmap.onxmaps.com/hunt/map#9.45/38.7021390484484/-105.6774853712
581,All Whitetail Only Rifle Seasons,0,2,2,22,11,46,7,0,10,75,29%,13,-32.000000000000014,581,"1,134",  447,39%,38.75502221909619,-105.33209374010389,"  725,721","  286,068",581 All Whitetail Only Rifle Seasons,19.4,49.2,https://webmap.onxmaps.com/hunt/map#9.45/38.7550222190962/-105.332093740104,"DF069L1R,DF049O1M,DM049O1M,DE049O1A,DF058O2R,DM049O2R,DF058O3R,DM049O3R,DE048U6R",Whitetail Only Late Rifle Season,WTOLR,16,2179,43,2097,2265,1048,51,952,1154,0.48,8908,376,8201,9675,0.55,0.56,"1,133.93874",  446.9806636563,39%,38.75502221909619,-105.33209374010389,"  725,720.80","  286,067.62474004",Cripple Creek,10900,24,https://webmap.onxmaps.com/hunt/map#9.45/38.7550222190962/-105.332093740104
39,NA,NA,NA,NA,NA,NA,NA,NA,NA,NA,NA,NA,NA,NA,NA,NA,NA,NA,NA,NA,NA,NA,NA,NA,NA,NA,NA,NA,NA,17,1675,14,1647,1704,780,31,723,842,0.47,9850,441,9022,10753,0.63,0.54,  623.52754,  397.9442572103,64%,39.664234970747984,-105.60052344542224,"  399,057.63","  254,684.32461459",Bailey,5750,28,https://webmap.onxmaps.com/hunt/map#9.45/39.664234970748/-105.600523445422
46,NA,NA,NA,NA,NA,NA,NA,NA,NA,NA,NA,NA,NA,NA,NA,NA,NA,NA,NA,NA,NA,NA,NA,NA,NA,NA,NA,NA,NA,17,1675,14,1647,1704,780,31,723,842,0.47,9850,441,9022,10753,0.63,0.54,  358.63794,  274.0159826547,76%,39.510815615230534,-105.60311357579252,"  229,528.28","  175,370.22889901",Bailey,5750,28,https://webmap.onxmaps.com/hunt/map#9.45/39.5108156152305/-105.603113575793
51,NA,NA,NA,NA,NA,NA,NA,NA,NA,NA,NA,NA,NA,NA,NA,NA,NA,NA,NA,NA,NA,NA,NA,NA,NA,NA,NA,NA,NA,17,1675,14,1647,1704,780,31,723,842,0.47,9850,441,9022,10753,0.63,0.54,  841.63364,  391.6577687859,47%,39.31583259260264,-105.03814997986343,"  538,645.53","  250,660.97202300",Bailey,5750,28,https://webmap.onxmaps.com/hunt/map#9.45/39.3158325926026/-105.038149979863
391,NA,NA,NA,NA,NA,NA,NA,NA,NA,NA,NA,NA,NA,NA,NA,NA,NA,NA,NA,NA,NA,NA,NA,NA,NA,NA,NA,NA,NA,17,1675,14,1647,1704,780,31,723,842,0.47,9850,441,9022,10753,0.63,0.54,  469.11976,    0.0000000000,0%,39.646451005006845,-105.12047734364964,"  300,236.65",        0.00000000,Bailey,5750,28,https://webmap.onxmaps.com/hunt/map#9.45/39.6464510050068/-105.12047734365
461,NA,NA,NA,NA,NA,NA,NA,NA,NA,NA,NA,NA,NA,NA,NA,NA,NA,NA,NA,NA,NA,NA,NA,NA,NA,NA,NA,NA,NA,17,1675,14,1647,1704,780,31,723,842,0.47,9850,441,9022,10753,0.63,0.54,  241.02981,   16.9736622925,7%,39.47130746684391,-105.25538844112748,"  154,259.08","   10,863.14386722",Bailey,5750,28,https://webmap.onxmaps.com/hunt/map#9.45/39.4713074668439/-105.255388441127
40,NA,NA,NA,NA,NA,NA,NA,NA,NA,NA,NA,NA,NA,NA,NA,NA,NA,NA,NA,NA,NA,NA,NA,NA,NA,NA,NA,NA,NA,18,368,5,359,377,263,10,245,283,0.71,1897,78,1750,2056,0.83,0.64,"1,229.33201",  717.1761788321,58%,38.95119359203802,-108.8091562354425,"  786,772.49","  458,992.75445252",Glade Park,4070,33,https://webmap.onxmaps.com/hunt/map#9.45/38.951193592038/-108.809156235443
61,NA,NA,NA,NA,NA,NA,NA,NA,NA,NA,NA,NA,NA,NA,NA,NA,NA,NA,NA,NA,NA,NA,NA,NA,NA,NA,NA,NA,NA,19,1747,19,1710,1784,877,32,817,941,0.5,9116,214,8706,9546,0.69,0.56,"1,503.20646","1,278.5843430672",85%,38.407368056951405,-108.51503628336452,"  962,052.14","  818,293.97956301",Uncompahgre,12850,38,https://webmap.onxmaps.com/hunt/map#9.45/38.4073680569514/-108.515036283365
62,NA,NA,NA,NA,NA,NA,NA,NA,NA,NA,NA,NA,NA,NA,NA,NA,NA,NA,NA,NA,NA,NA,NA,NA,NA,NA,NA,NA,NA,19,1747,19,1710,1784,877,32,817,941,0.5,9116,214,8706,9546,0.69,0.56,"2,252.87403","1,569.5446071939",70%,38.53642636979747,-108.21759216987664,"1,441,839.38","1,004,508.54860411",Uncompahgre,12850,38,https://webmap.onxmaps.com/hunt/map#9.45/38.5364263697975/-108.217592169877
53,NA,NA,NA,NA,NA,NA,NA,NA,NA,NA,NA,NA,NA,NA,NA,NA,NA,NA,NA,NA,NA,NA,NA,NA,NA,NA,NA,NA,NA,20,862,9,844,880,607,15,579,636,0.7,3944,111,3733,4167,0.84,0.61,  653.57236,  502.4070443670,77%,38.80692865630043,-107.42091057473463,"  418,286.31","  321,540.50839487",North Fork Gunnison River,8140,35,https://webmap.onxmaps.com/hunt/map#9.45/38.8069286563004/-107.420910574735
63,NA,NA,NA,NA,NA,NA,NA,NA,NA,NA,NA,NA,NA,NA,NA,NA,NA,NA,NA,NA,NA,NA,NA,NA,NA,NA,NA,NA,NA,20,862,9,844,880,607,15,579,636,0.7,3944,111,3733,4167,0.84,0.61,  605.57553,  298.6179034551,49%,38.62453940161764,-107.61512352326248,"  387,568.34","  191,115.45821125",North Fork Gunnison River,8140,35,https://webmap.onxmaps.com/hunt/map#9.45/38.6245394016176/-107.615123523262
60,NA,NA,NA,NA,NA,NA,NA,NA,NA,NA,NA,NA,NA,NA,NA,NA,NA,NA,NA,NA,NA,NA,NA,NA,NA,NA,NA,NA,NA,23,268,5,259,278,105,7,92,120,0.39,1248,44,1165,1337,0.96,0.56,  388.38777,  324.2480413285,83%,38.49077774149176,-108.96862146303388,"  248,568.17","  207,518.74645025",La Sal,1930,37,https://webmap.onxmaps.com/hunt/map#9.45/38.4907777414918/-108.968621463034
70,NA,NA,NA,NA,NA,NA,NA,NA,NA,NA,NA,NA,NA,NA,NA,NA,NA,NA,NA,NA,NA,NA,NA,NA,NA,NA,NA,NA,NA,24,2927,0,2927,2927,1579,44,1496,1668,0.54,14294,224,13862,14739,0.56,0.56,"2,438.29856","1,646.2114545279",68%,38.06205432593087,-108.4681734858138,"1,560,511.08","1,053,575.33089785",Groundhog,22570,33,https://webmap.onxmaps.com/hunt/map#9.45/38.0620543259309/-108.468173485814
71,NA,NA,NA,NA,NA,NA,NA,NA,NA,NA,NA,NA,NA,NA,NA,NA,NA,NA,NA,NA,NA,NA,NA,NA,NA,NA,NA,NA,NA,24,2927,0,2927,2927,1579,44,1496,1668,0.54,14294,224,13862,14739,0.56,0.56,  831.90302,  704.5686479596,85%,37.68912560055293,-108.1686524310337,"  532,417.93","  450,923.93469417",Groundhog,22570,33,https://webmap.onxmaps.com/hunt/map#9.45/37.6891256005529/-108.168652431034
711,NA,NA,NA,NA,NA,NA,NA,NA,NA,NA,NA,NA,NA,NA,NA,NA,NA,NA,NA,NA,NA,NA,NA,NA,NA,NA,NA,NA,NA,24,2927,0,2927,2927,1579,44,1496,1668,0.54,14294,224,13862,14739,0.56,0.56,"1,312.59142",  805.8828106338,61%,37.76272237393551,-108.68985424947326,"  840,058.51","  515,764.99880560",Groundhog,22570,33,https://webmap.onxmaps.com/hunt/map#9.45/37.7627223739355/-108.689854249473
68,NA,NA,NA,NA,NA,NA,NA,NA,NA,NA,NA,NA,NA,NA,NA,NA,NA,NA,NA,NA,NA,NA,NA,NA,NA,NA,NA,NA,NA,26,686,0,686,686,397,14,371,424,0.58,3576,107,3373,3791,0.63,0.59,  973.05698,  831.3987734000,85%,38.010223347673545,-106.4544830480559,"  622,756.46","  532,095.21497598",Saguache,5200,25,https://webmap.onxmaps.com/hunt/map#9.45/38.0102233476735/-106.454483048056
681,NA,NA,NA,NA,NA,NA,NA,NA,NA,NA,NA,NA,NA,NA,NA,NA,NA,NA,NA,NA,NA,NA,NA,NA,NA,NA,NA,NA,NA,26,686,0,686,686,397,14,371,424,0.58,3576,107,3373,3791,0.63,0.59,  721.06105,  634.2812323582,88%,38.23185870018895,-106.21522653779576,"  461,479.07","  405,939.98870924",Saguache,5200,25,https://webmap.onxmaps.com/hunt/map#9.45/38.231858700189/-106.215226537796
682,NA,NA,NA,NA,NA,NA,NA,NA,NA,NA,NA,NA,NA,NA,NA,NA,NA,NA,NA,NA,NA,NA,NA,NA,NA,NA,NA,NA,NA,26,686,0,686,686,397,14,371,424,0.58,3576,107,3373,3791,0.63,0.59,  410.71777,   36.9631606773,9%,37.9753942379813,-106.01969068648071,"  262,859.37","   23,656.42283345",Saguache,5200,25,https://webmap.onxmaps.com/hunt/map#9.45/37.9753942379813/-106.019690686481
29,NA,NA,NA,NA,NA,NA,NA,NA,NA,NA,NA,NA,NA,NA,NA,NA,NA,NA,NA,NA,NA,NA,NA,NA,NA,NA,NA,NA,NA,27,1999,30,1941,2059,565,30,509,628,0.28,12202,602,11078,13440,0.57,0.56,  752.78734,  175.7646361545,23%,39.9999215575948,-105.31387188327668,"  481,783.90","  112,489.36713885",Boulder,6260,44,https://webmap.onxmaps.com/hunt/map#9.45/39.9999215575948/-105.313871883277
38,NA,NA,NA,NA,NA,NA,NA,NA,NA,NA,NA,NA,NA,NA,NA,NA,NA,NA,NA,NA,NA,NA,NA,NA,NA,NA,NA,NA,NA,27,1999,30,1941,2059,565,30,509,628,0.28,12202,602,11078,13440,0.57,0.56,  774.01831,  236.8558348678,31%,39.82568147662041,-105.36350087351084,"  495,371.72","  151,587.73431542",Boulder,6260,44,https://webmap.onxmaps.com/hunt/map#9.45/39.8256814766204/-105.363500873511
122,NA,NA,NA,NA,NA,NA,NA,NA,NA,NA,NA,NA,NA,NA,NA,NA,NA,NA,NA,NA,NA,NA,NA,NA,NA,NA,NA,NA,NA,28,2138,17,2105,2138,704,23,659,751,0.33,11174,452,10322,12096,0.79,0.57,"1,620.29459",    0.0000000000,0%,38.64043436816621,-102.40206823412409,"1,036,988.54",        0.00000000,Arkansas River,7310,28,https://webmap.onxmaps.com/hunt/map#9.45/38.6404343681662/-102.402068234124
125,NA,NA,NA,NA,NA,NA,NA,NA,NA,NA,NA,NA,NA,NA,NA,NA,NA,NA,NA,NA,NA,NA,NA,NA,NA,NA,NA,NA,NA,28,2138,17,2105,2138,704,23,659,751,0.33,11174,452,10322,12096,0.79,0.57,  925.92322,  117.8626393664,13%,38.1854357880318,-103.41612620445052,"  592,590.86","   75,432.08919449",Arkansas River,7310,28,https://webmap.onxmaps.com/hunt/map#9.45/38.1854357880318/-103.416126204451
126,NA,NA,NA,NA,NA,NA,NA,NA,NA,NA,NA,NA,NA,NA,NA,NA,NA,NA,NA,NA,NA,NA,NA,NA,NA,NA,NA,NA,NA,28,2138,17,2105,2138,704,23,659,751,0.33,11174,452,10322,12096,0.79,0.57,"1,096.69464",   51.4530999767,5%,38.28239961457108,-102.9450573215964,"  701,884.57","   32,929.98398511",Arkansas River,7310,28,https://webmap.onxmaps.com/hunt/map#9.45/38.2823996145711/-102.945057321596
127,NA,NA,NA,NA,NA,NA,NA,NA,NA,NA,NA,NA,NA,NA,NA,NA,NA,NA,NA,NA,NA,NA,NA,NA,NA,NA,NA,NA,NA,28,2138,17,2105,2138,704,23,659,751,0.33,11174,452,10322,12096,0.79,0.57,"1,553.76393",   54.9661749792,4%,38.27152496739178,-102.36734004526636,"  994,408.91","   35,178.35198671",Arkansas River,7310,28,https://webmap.onxmaps.com/hunt/map#9.45/38.2715249673918/-102.367340045266
130,NA,NA,NA,NA,NA,NA,NA,NA,NA,NA,NA,NA,NA,NA,NA,NA,NA,NA,NA,NA,NA,NA,NA,NA,NA,NA,NA,NA,NA,28,2138,17,2105,2138,704,23,659,751,0.33,11174,452,10322,12096,0.79,0.57,  778.50278,   62.6827001961,8%,37.85291846877794,-103.32640631022493,"  498,241.78","   40,116.92812548",Arkansas River,7310,28,https://webmap.onxmaps.com/hunt/map#9.45/37.8529184687779/-103.326406310225
132,NA,NA,NA,NA,NA,NA,NA,NA,NA,NA,NA,NA,NA,NA,NA,NA,NA,NA,NA,NA,NA,NA,NA,NA,NA,NA,NA,NA,NA,28,2138,17,2105,2138,704,23,659,751,0.33,11174,452,10322,12096,0.79,0.57,"1,310.56945",   12.7992352177,1%,37.890787821185306,-102.33405472848897,"  838,764.45","    8,191.51053932",Arkansas River,7310,28,https://webmap.onxmaps.com/hunt/map#9.45/37.8907878211853/-102.334054728489
137,NA,NA,NA,NA,NA,NA,NA,NA,NA,NA,NA,NA,NA,NA,NA,NA,NA,NA,NA,NA,NA,NA,NA,NA,NA,NA,NA,NA,NA,28,2138,17,2105,2138,704,23,659,751,0.33,11174,452,10322,12096,0.79,0.57,  918.24002,   83.1656394696,9%,37.45000859320783,-103.13012193784876,"  587,673.61","   53,226.00926053",Arkansas River,7310,28,https://webmap.onxmaps.com/hunt/map#9.45/37.4500085932078/-103.130121937849
138,NA,NA,NA,NA,NA,NA,NA,NA,NA,NA,NA,NA,NA,NA,NA,NA,NA,NA,NA,NA,NA,NA,NA,NA,NA,NA,NA,NA,NA,28,2138,17,2105,2138,704,23,659,751,0.33,11174,452,10322,12096,0.79,0.57,  496.39753,    0.8072326073,0%,37.52478517090192,-102.78221259484,"  317,694.42",      516.62886870,Arkansas River,7310,28,https://webmap.onxmaps.com/hunt/map#9.45/37.5247851709019/-102.78221259484
139,NA,NA,NA,NA,NA,NA,NA,NA,NA,NA,NA,NA,NA,NA,NA,NA,NA,NA,NA,NA,NA,NA,NA,NA,NA,NA,NA,NA,NA,28,2138,17,2105,2138,704,23,659,751,0.33,11174,452,10322,12096,0.79,0.57,"1,908.05399",   69.3396195420,4%,37.424713360824114,-102.33311217156508,"1,221,154.55","   44,377.35650686",Arkansas River,7310,28,https://webmap.onxmaps.com/hunt/map#9.45/37.4247133608241/-102.333112171565
146,NA,NA,NA,NA,NA,NA,NA,NA,NA,NA,NA,NA,NA,NA,NA,NA,NA,NA,NA,NA,NA,NA,NA,NA,NA,NA,NA,NA,NA,28,2138,17,2105,2138,704,23,659,751,0.33,11174,452,10322,12096,0.79,0.57,"1,498.55714",   30.4901160872,2%,37.87119441250279,-102.89096637732196,"  959,076.57","   19,513.67429580",Arkansas River,7310,28,https://webmap.onxmaps.com/hunt/map#9.45/37.8711944125028/-102.890966377322
72,NA,NA,NA,NA,NA,NA,NA,NA,NA,NA,NA,NA,NA,NA,NA,NA,NA,NA,NA,NA,NA,NA,NA,NA,NA,NA,NA,NA,NA,29,1758,0,1758,1758,983,39,910,1061,0.56,7586,254,7105,8100,0.52,0.51,"1,549.17085",  449.6257041489,29%,37.3621385557631,-108.8709270808574,"  991,469.35","  287,760.45065531",Mesa Verde,9400,33,https://webmap.onxmaps.com/hunt/map#9.45/37.3621385557631/-108.870927080857
73,NA,NA,NA,NA,NA,NA,NA,NA,NA,NA,NA,NA,NA,NA,NA,NA,NA,NA,NA,NA,NA,NA,NA,NA,NA,NA,NA,NA,NA,29,1758,0,1758,1758,983,39,910,1061,0.56,7586,254,7105,8100,0.52,0.51,"1,409.97783",  371.8828292230,26%,37.285197431193275,-108.42503834031734,"  902,385.81","  238,005.01070270",Mesa Verde,9400,33,https://webmap.onxmaps.com/hunt/map#9.45/37.2851974311933/-108.425038340317
75,NA,NA,NA,NA,NA,NA,NA,NA,NA,NA,NA,NA,NA,NA,NA,NA,NA,NA,NA,NA,NA,NA,NA,NA,NA,NA,NA,NA,NA,30,5542,0,5542,5542,2722,68,2592,2859,0.49,25591,333,24947,26252,0.48,0.57,"1,024.02951",  457.7511219172,45%,37.35958262055689,-107.7066990303414,"  655,378.89","  292,960.71802699",San Juan,24800,32,https://webmap.onxmaps.com/hunt/map#9.45/37.3595826205569/-107.706699030341
77,NA,NA,NA,NA,NA,NA,NA,NA,NA,NA,NA,NA,NA,NA,NA,NA,NA,NA,NA,NA,NA,NA,NA,NA,NA,NA,NA,NA,NA,30,5542,0,5542,5542,2722,68,2592,2859,0.49,25591,333,24947,26252,0.48,0.57,  883.95163,  730.9394066170,83%,37.40730591222063,-107.2234632446801,"  565,729.05","  467,801.22023490",San Juan,24800,32,https://webmap.onxmaps.com/hunt/map#9.45/37.4073059122206/-107.22346324468
78,NA,NA,NA,NA,NA,NA,NA,NA,NA,NA,NA,NA,NA,NA,NA,NA,NA,NA,NA,NA,NA,NA,NA,NA,NA,NA,NA,NA,NA,30,5542,0,5542,5542,2722,68,2592,2859,0.49,25591,333,24947,26252,0.48,0.57,"1,206.83094",  753.5717727461,62%,37.23569931913964,-106.85877931642676,"  772,371.80","  482,285.93455750",San Juan,24800,32,https://webmap.onxmaps.com/hunt/map#9.45/37.2356993191396/-106.858779316427
751,NA,NA,NA,NA,NA,NA,NA,NA,NA,NA,NA,NA,NA,NA,NA,NA,NA,NA,NA,NA,NA,NA,NA,NA,NA,NA,NA,NA,NA,30,5542,0,5542,5542,2722,68,2592,2859,0.49,25591,333,24947,26252,0.48,0.57,  735.34249,  523.7573232075,71%,37.40007019749088,-107.50599569273044,"  470,619.19","  335,204.68685281",San Juan,24800,32,https://webmap.onxmaps.com/hunt/map#9.45/37.4000701974909/-107.50599569273
771,NA,NA,NA,NA,NA,NA,NA,NA,NA,NA,NA,NA,NA,NA,NA,NA,NA,NA,NA,NA,NA,NA,NA,NA,NA,NA,NA,NA,NA,30,5542,0,5542,5542,2722,68,2592,2859,0.49,25591,333,24947,26252,0.48,0.57,  576.13736,  117.9756648719,20%,37.12236568053539,-107.2738923628466,"  368,727.91","   75,504.42551801",San Juan,24800,32,https://webmap.onxmaps.com/hunt/map#9.45/37.1223656805354/-107.273892362847
85,All Whitetail Only Rifle Seasons,12,5,17,58,29,375,60,16,45,22,22%,54,3.4999999999999982,85,"1,866",  280,15%,37.42278485238103,-104.9009267551865,"1,194,176","  179,086",85 All Whitetail Only Rifle Seasons,31.1,207.3,https://webmap.onxmaps.com/hunt/map#9.45/37.422784852381/-104.900926755187,"DM085O1M,DM085O1A,DM085O2R,DM085O3R,DM085O4R,DF085P5R,DE048U6R,DM085W1R",Whitetail Only Late Rifle Season,WTOLR,32,1262,14,1234,1290,657,28,604,715,0.52,6002,198,5626,6403,0.72,0.56,"1,865.89927",  279.8221683985,15%,37.42278485238103,-104.9009267551865,"1,194,175.53","  179,086.18777506",Trinidad,7910,36,https://webmap.onxmaps.com/hunt/map#9.45/37.422784852381/-104.900926755187
140,All Whitetail Only Rifle Seasons,2,2,5,5,100,5,3,0,8,33,44%,5,33.500000000000014,140,  723,   33,5%,37.09455404038734,-104.2229487686456,"  462,543","   21,286",140 All Whitetail Only Rifle Seasons,6.9,150.3,https://webmap.onxmaps.com/hunt/map#9.45/37.0945540403873/-104.222948768646,"DM140O1M,DM140O1A,DM140O2R,DM140O3R,DM140O4R,DE048U6R",Whitetail Only Late Rifle Season,WTOLR,32,1262,14,1234,1290,657,28,604,715,0.52,6002,198,5626,6403,0.72,0.56,  722.72318,   33.2597326114,5%,37.09455404038734,-104.2229487686456,"  462,542.83","   21,286.22887132",Trinidad,7910,36,https://webmap.onxmaps.com/hunt/map#9.45/37.0945540403873/-104.222948768646
851,All Whitetail Only Rifle Seasons,7,2,10,19,50,119,24,20,20,50,40%,21,-5.024295867788082e-15,851,  690,   90,13%,37.07928756609083,-104.8869639219515,"  441,351","   57,329",851 All Whitetail Only Rifle Seasons,27.6,212.1,https://webmap.onxmaps.com/hunt/map#9.45/37.0792875660908/-104.886963921952,"DM851O1R,DM085O1M,DM851O1M,DM085O1A,DM851O1A,DM085O2R,DM851O2R,DM085O3R,DM085O4R,DE048U6R,DM851W1R,DM851W2R",Whitetail Only Late Rifle Season,WTOLR,32,1262,14,1234,1290,657,28,604,715,0.52,6002,198,5626,6403,0.72,0.56,  689.61107,   89.5768146115,13%,37.07928756609083,-104.8869639219515,"  441,351.08","   57,329.16135137",Trinidad,7910,36,https://webmap.onxmaps.com/hunt/map#9.45/37.0792875660908/-104.886963921952
143,NA,NA,NA,NA,NA,NA,NA,NA,NA,NA,NA,NA,NA,NA,NA,NA,NA,NA,NA,NA,NA,NA,NA,NA,NA,NA,NA,NA,NA,33,325,0,325,325,170,9,153,190,0.52,1365,11,1343,1387,0.94,0.61,"1,087.38292",   42.5641916230,4%,37.11660176899627,-103.44481928062228,"  695,925.07","   27,241.08263871",Mesa de Maya,1900,50,https://webmap.onxmaps.com/hunt/map#9.45/37.1166017689963/-103.444819280622
144,NA,NA,NA,NA,NA,NA,NA,NA,NA,NA,NA,NA,NA,NA,NA,NA,NA,NA,NA,NA,NA,NA,NA,NA,NA,NA,NA,NA,NA,33,325,0,325,325,170,9,153,190,0.52,1365,11,1343,1387,0.94,0.61,"1,015.25618",  341.8988669547,34%,37.16773758466464,-102.82175021398324,"  649,763.95","  218,815.27485101",Mesa de Maya,1900,50,https://webmap.onxmaps.com/hunt/map#9.45/37.1677375846646/-102.821750213983
145,NA,NA,NA,NA,NA,NA,NA,NA,NA,NA,NA,NA,NA,NA,NA,NA,NA,NA,NA,NA,NA,NA,NA,NA,NA,NA,NA,NA,NA,33,325,0,325,325,170,9,153,190,0.52,1365,11,1343,1387,0.94,0.61,  485.87353,   90.7799843334,19%,37.07376545304124,-102.30369485023049,"  310,959.06","   58,099.18997340",Mesa de Maya,1900,50,https://webmap.onxmaps.com/hunt/map#9.45/37.0737654530412/-102.30369485023
69,All Whitetail Only Rifle Seasons,7,12,19,56,35,234,36,60,53,33,43%,48,0.9999999999999959,69,  474,  165,35%,38.27971301758047,-105.25130690553227,"  303,517","  105,498",69 All Whitetail Only Rifle Seasons,118.1,339.7,https://webmap.onxmaps.com/hunt/map#9.45/38.2797130175805/-105.251306905532,"DF069L1R,DF069O1M,DM069O1M,DE069O1A,DM069O2R,DM069O3R,DM069O4R,DF069P2R,DM069P2R,DF069P3R,DM069P3R,DE048U6R",Whitetail Only Late Rifle Season,WTOLR,34,3179,45,3092,3269,1464,60,1352,1585,0.46,13246,416,12456,14086,0.53,0.55,  474.24546,  164.8405312596,35%,38.27971301758047,-105.25130690553227,"  303,517.09","  105,497.94000615",Wet Mountain,14210,34,https://webmap.onxmaps.com/hunt/map#9.45/38.2797130175805/-105.251306905532
84,All Whitetail Only Rifle Seasons,10,12,22,125,18,732,196,15,140,21,18%,154,-1.5000000000000027,84,"2,070",  540,26%,38.05923033315756,-105.0034147087644,"1,324,641","  345,406",84 All Whitetail Only Rifle Seasons,60.4,231.6,https://webmap.onxmaps.com/hunt/map#9.45/38.0592303331576/-105.003414708764,"DF069O1M,DM069O1M,DE069O1A,DM069O2R,DM069O3R,DM069O4R,DF069P2R,DM069P2R,DF069P3R,DM069P3R,DF084P5R,DE048U6R",Whitetail Only Late Rifle Season,WTOLR,34,3179,45,3092,3269,1464,60,1352,1585,0.46,13246,416,12456,14086,0.53,0.55,"2,069.75172",  539.6971453293,26%,38.05923033315756,-105.0034147087644,"1,324,641.10","  345,406.17301075",Wet Mountain,14210,34,https://webmap.onxmaps.com/hunt/map#9.45/38.0592303331576/-105.003414708764
86,All Whitetail Only Rifle Seasons,0,0,0,10,0,41,10,0,5,0,0%,8,-0,86,  801,  445,56%,38.215358434113504,-105.66933804392954,"  512,901","  284,886",86 All Whitetail Only Rifle Seasons,12.5,22.5,https://webmap.onxmaps.com/hunt/map#9.45/38.2153584341135/-105.66933804393,"DM082E1R,DF069O1M,DM069O1M,DE069O1A,DM069O2R,DM069O3R,DM069O4R,DF069P2R,DM069P2R,DF069P3R,DM069P3R,DE048U6R",Whitetail Only Late Rifle Season,WTOLR,34,3179,45,3092,3269,1464,60,1352,1585,0.46,13246,416,12456,14086,0.53,0.55,  801.40735,  445.1344684233,56%,38.215358434113504,-105.66933804392954,"  512,900.70","  284,886.05979090",Wet Mountain,14210,34,https://webmap.onxmaps.com/hunt/map#9.45/38.2153584341135/-105.66933804393
691,NA,NA,NA,NA,NA,NA,NA,NA,NA,NA,NA,NA,NA,NA,NA,NA,NA,NA,NA,NA,NA,NA,NA,NA,NA,NA,NA,Whitetail Only Late Rifle Season,NA,34,3179,45,3092,3269,1464,60,1352,1585,0.46,13246,416,12456,14086,0.53,0.55,  410.58532,  186.7136924862,45%,38.35059076174274,-105.4502421084166,"  262,774.60","  119,496.76319117",Wet Mountain,14210,34,https://webmap.onxmaps.com/hunt/map#9.45/38.3505907617427/-105.450242108417
861,NA,NA,NA,NA,NA,NA,NA,NA,NA,NA,NA,NA,NA,NA,NA,NA,NA,NA,NA,NA,NA,NA,NA,NA,NA,NA,NA,NA,NA,34,3179,45,3092,3269,1464,60,1352,1585,0.46,13246,416,12456,14086,0.53,0.55,  331.53537,  121.6411343306,37%,37.74426059096755,-105.36547409834527,"  212,182.64","   77,850.32597157",Wet Mountain,14210,34,https://webmap.onxmaps.com/hunt/map#9.45/37.7442605909675/-105.365474098345
80,NA,NA,NA,NA,NA,NA,NA,NA,NA,NA,NA,NA,NA,NA,NA,NA,NA,NA,NA,NA,NA,NA,NA,NA,NA,NA,NA,NA,NA,35,1161,0,1161,1161,594,25,548,644,0.51,5992,161,5684,6316,0.57,0.56,"1,411.20053",  861.1836453523,61%,37.4838692285095,-106.30564356831646,"  903,168.34","  551,157.53302548",Lower Rio Grande,6820,28,https://webmap.onxmaps.com/hunt/map#9.45/37.4838692285095/-106.305643568316
81,NA,NA,NA,NA,NA,NA,NA,NA,NA,NA,NA,NA,NA,NA,NA,NA,NA,NA,NA,NA,NA,NA,NA,NA,NA,NA,NA,NA,NA,35,1161,0,1161,1161,594,25,548,644,0.51,5992,161,5684,6316,0.57,0.56,"1,916.33892","1,348.9854862723",70%,37.17645855773902,-106.21674884894992,"1,226,456.91","  863,350.71121427",Lower Rio Grande,6820,28,https://webmap.onxmaps.com/hunt/map#9.45/37.176458557739/-106.21674884895
76,NA,NA,NA,NA,NA,NA,NA,NA,NA,NA,NA,NA,NA,NA,NA,NA,NA,NA,NA,NA,NA,NA,NA,NA,NA,NA,NA,NA,NA,36,387,2,382,392,282,9,265,299,0.73,1983,142,1723,2282,0.86,0.58,"1,555.84937","1,468.1743594029",94%,37.7521991872031,-107.06665941229352,"  995,743.60","  939,631.59001786",Upper Rio Grande,2830,31,https://webmap.onxmaps.com/hunt/map#9.45/37.7521991872031/-107.066659412294
79,NA,NA,NA,NA,NA,NA,NA,NA,NA,NA,NA,NA,NA,NA,NA,NA,NA,NA,NA,NA,NA,NA,NA,NA,NA,NA,NA,NA,NA,36,387,2,382,392,282,9,265,299,0.73,1983,142,1723,2282,0.86,0.58,  813.66088,  495.5528791555,61%,37.777894865424095,-106.44217365800988,"  520,742.96","  317,153.84265953",Upper Rio Grande,2830,31,https://webmap.onxmaps.com/hunt/map#9.45/37.7778948654241/-106.44217365801
791,NA,NA,NA,NA,NA,NA,NA,NA,NA,NA,NA,NA,NA,NA,NA,NA,NA,NA,NA,NA,NA,NA,NA,NA,NA,NA,NA,NA,NA,36,387,2,382,392,282,9,265,299,0.73,1983,142,1723,2282,0.86,0.58,  523.86067,    6.9752682536,1%,37.67314397352413,-106.00071206761967,"  335,270.83","    4,464.17168232",Upper Rio Grande,2830,31,https://webmap.onxmaps.com/hunt/map#9.45/37.6731439735241/-106.00071206762
50,NA,NA,NA,NA,NA,NA,NA,NA,NA,NA,NA,NA,NA,NA,NA,NA,NA,NA,NA,NA,NA,NA,NA,NA,NA,NA,NA,NA,NA,38,530,0,530,530,244,11,224,265,0.46,2314,83,2157,2482,0.7,0.61,  832.80017,  348.0333722448,42%,39.14504507955943,-105.75814442686584,"  532,992.11","  222,741.35823666",South Park,3160,26,https://webmap.onxmaps.com/hunt/map#9.45/39.1450450795594/-105.758144426866
500,NA,NA,NA,NA,NA,NA,NA,NA,NA,NA,NA,NA,NA,NA,NA,NA,NA,NA,NA,NA,NA,NA,NA,NA,NA,NA,NA,NA,NA,38,530,0,530,530,244,11,224,265,0.46,2314,83,2157,2482,0.7,0.61,  271.41441,  185.7487770492,68%,39.37398163342975,-105.91194788978969,"  173,705.22","  118,879.21731152",South Park,3160,26,https://webmap.onxmaps.com/hunt/map#9.45/39.3739816334298/-105.91194788979
501,NA,NA,NA,NA,NA,NA,NA,NA,NA,NA,NA,NA,NA,NA,NA,NA,NA,NA,NA,NA,NA,NA,NA,NA,NA,NA,NA,NA,NA,38,530,0,530,530,244,11,224,265,0.46,2314,83,2157,2482,0.7,0.61,  838.74257,  750.2968172728,89%,39.29318096495983,-105.4640943325534,"  536,795.25","  480,189.96305461",South Park,3160,26,https://webmap.onxmaps.com/hunt/map#9.45/39.2931809649598/-105.464094332553
64,NA,NA,NA,NA,NA,NA,NA,NA,NA,NA,NA,NA,NA,NA,NA,NA,NA,NA,NA,NA,NA,NA,NA,NA,NA,NA,NA,NA,NA,40,951,0,951,951,442,16,411,475,0.46,4572,103,4374,4778,0.72,0.59,  441.20212,  164.2933892920,37%,38.588762178656246,-107.81300426936494,"  282,369.36","  105,147.76914687",Cimarron,7650,29,https://webmap.onxmaps.com/hunt/map#9.45/38.5887621786562/-107.813004269365
65,NA,NA,NA,NA,NA,NA,NA,NA,NA,NA,NA,NA,NA,NA,NA,NA,NA,NA,NA,NA,NA,NA,NA,NA,NA,NA,NA,NA,NA,40,951,0,951,951,442,16,411,475,0.46,4572,103,4374,4778,0.72,0.59,"1,089.34439",  577.4316308631,53%,38.207575030010986,-107.64883908520822,"  697,180.41","  369,556.24375235",Cimarron,7650,29,https://webmap.onxmaps.com/hunt/map#9.45/38.207575030011/-107.648839085208
31,NA,NA,NA,NA,NA,NA,NA,NA,NA,NA,NA,NA,NA,NA,NA,NA,NA,NA,NA,NA,NA,NA,NA,NA,NA,NA,NA,NA,NA,41,658,0,658,658,430,12,407,455,0.65,2943,54,2840,3050,0.74,0.54,"1,177.67567",  678.5119188844,58%,39.43550762747674,-108.40337625907118,"  753,712.43","  434,247.62808604",Logan Mountain,4440,24,https://webmap.onxmaps.com/hunt/map#9.45/39.4355076274767/-108.403376259071
32,NA,NA,NA,NA,NA,NA,NA,NA,NA,NA,NA,NA,NA,NA,NA,NA,NA,NA,NA,NA,NA,NA,NA,NA,NA,NA,NA,NA,NA,41,658,0,658,658,430,12,407,455,0.65,2943,54,2840,3050,0.74,0.54,  507.14774,  199.2670882599,39%,39.56439704833727,-108.03367958650692,"  324,574.55","  127,530.93648632",Logan Mountain,4440,24,https://webmap.onxmaps.com/hunt/map#9.45/39.5643970483373/-108.033679586507
33,NA,NA,NA,NA,NA,NA,NA,NA,NA,NA,NA,NA,NA,NA,NA,NA,NA,NA,NA,NA,NA,NA,NA,NA,NA,NA,NA,NA,NA,42,1134,23,1090,1181,507,29,454,566,0.45,5823,223,5402,6277,0.58,0.5,  703.57446,  530.2929851206,75%,39.68867773716108,-107.6402495515074,"  450,287.65","  339,387.51047716",Rifle Creek,5610,21,https://webmap.onxmaps.com/hunt/map#9.45/39.6886777371611/-107.640249551507
25,NA,NA,NA,NA,NA,NA,NA,NA,NA,NA,NA,NA,NA,NA,NA,NA,NA,NA,NA,NA,NA,NA,NA,NA,NA,NA,NA,NA,NA,43,3323,0,3323,3323,932,44,850,1022,0.28,15075,220,14649,15513,0.49,0.58,  393.81738,  328.8505170615,84%,39.81704167850825,-107.11935665214747,"  252,043.12","  210,464.33091935",Sweetwater Creek,6790,18,https://webmap.onxmaps.com/hunt/map#9.45/39.8170416785082/-107.119356652147
26,NA,NA,NA,NA,NA,NA,NA,NA,NA,NA,NA,NA,NA,NA,NA,NA,NA,NA,NA,NA,NA,NA,NA,NA,NA,NA,NA,NA,NA,43,3323,0,3323,3323,932,44,850,1022,0.28,15075,220,14649,15513,0.49,0.58,  409.63579,  198.8071989581,49%,39.98645866485458,-106.939813231828,"  262,166.91","  127,236.60733320",Sweetwater Creek,6790,18,https://webmap.onxmaps.com/hunt/map#9.45/39.9864586648546/-106.939813231828
34,NA,NA,NA,NA,NA,NA,NA,NA,NA,NA,NA,NA,NA,NA,NA,NA,NA,NA,NA,NA,NA,NA,NA,NA,NA,NA,NA,NA,NA,43,3323,0,3323,3323,932,44,850,1022,0.28,15075,220,14649,15513,0.49,0.58,  325.89673,  299.9964369571,92%,39.652666661531555,-107.28484773044072,"  208,573.90","  191,997.71965252",Sweetwater Creek,6790,18,https://webmap.onxmaps.com/hunt/map#9.45/39.6526666615316/-107.284847730441
91,NA,NA,NA,NA,NA,NA,NA,NA,NA,NA,NA,NA,NA,NA,NA,NA,NA,NA,NA,NA,NA,NA,NA,NA,NA,NA,NA,NA,NA,44,1902,22,1860,1946,630,27,579,686,0.33,10856,374,10149,11614,0.8,0.5,  133.77131,   23.9895407692,18%,40.766819599110804,-102.96863268982088,"   85,613.64","   15,353.30609230",South Platte River,3530,39,https://webmap.onxmaps.com/hunt/map#9.45/40.7668195991108/-102.968632689821
92,NA,NA,NA,NA,NA,NA,NA,NA,NA,NA,NA,NA,NA,NA,NA,NA,NA,NA,NA,NA,NA,NA,NA,NA,NA,NA,NA,NA,NA,44,1902,22,1860,1946,630,27,579,686,0.33,10856,374,10149,11614,0.8,0.5,  101.13605,    7.9430348892,8%,40.93042706114952,-102.4504923234277,"   64,727.07","    5,083.54232908",South Platte River,3530,39,https://webmap.onxmaps.com/hunt/map#9.45/40.9304270611495/-102.450492323428
94,NA,NA,NA,NA,NA,NA,NA,NA,NA,NA,NA,NA,NA,NA,NA,NA,NA,NA,NA,NA,NA,NA,NA,NA,NA,NA,NA,NA,NA,44,1902,22,1860,1946,630,27,579,686,0.33,10856,374,10149,11614,0.8,0.5,"1,265.08035",    0.9255603429,0%,40.27818060061627,-104.81211908143526,"  809,651.42",      592.35861945,South Platte River,3530,39,https://webmap.onxmaps.com/hunt/map#9.45/40.2781806006163/-104.812119081435
96,NA,NA,NA,NA,NA,NA,NA,NA,NA,NA,NA,NA,NA,NA,NA,NA,NA,NA,NA,NA,NA,NA,NA,NA,NA,NA,NA,NA,NA,44,1902,22,1860,1946,630,27,579,686,0.33,10856,374,10149,11614,0.8,0.5,  429.97254,   18.6975330460,4%,40.34764275303399,-103.70098944057077,"  275,182.42","   11,966.42114941",South Platte River,3530,39,https://webmap.onxmaps.com/hunt/map#9.45/40.347642753034/-103.700989440571
951,NA,NA,NA,NA,NA,NA,NA,NA,NA,NA,NA,NA,NA,NA,NA,NA,NA,NA,NA,NA,NA,NA,NA,NA,NA,NA,NA,NA,NA,44,1902,22,1860,1946,630,27,579,686,0.33,10856,374,10149,11614,0.8,0.5,"1,559.53517",   32.3798724647,2%,40.41360121542092,-104.38359530149565,"  998,102.51","   20,723.11837740",South Platte River,3530,39,https://webmap.onxmaps.com/hunt/map#9.45/40.4136012154209/-104.383595301496
128,NA,NA,NA,NA,NA,NA,NA,NA,NA,NA,NA,NA,NA,NA,NA,NA,NA,NA,NA,NA,NA,NA,NA,NA,NA,NA,NA,NA,NA,45,728,9,710,746,318,13,294,344,0.44,3296,210,2910,3733,0.94,0.59,"1,996.39950",   71.7752483066,4%,37.97563885232004,-104.45088760496616,"1,277,695.68","   45,936.15891622",Las Animas,3400,31,https://webmap.onxmaps.com/hunt/map#9.45/37.97563885232/-104.450887604966
129,NA,NA,NA,NA,NA,NA,NA,NA,NA,NA,NA,NA,NA,NA,NA,NA,NA,NA,NA,NA,NA,NA,NA,NA,NA,NA,NA,NA,NA,45,728,9,710,746,318,13,294,344,0.44,3296,210,2910,3733,0.94,0.59,  391.22834,    0.8212252451,0%,38.03068793491436,-103.87063779066746,"  250,386.14",      525.58415689,Las Animas,3400,31,https://webmap.onxmaps.com/hunt/map#9.45/38.0306879349144/-103.870637790667
133,NA,NA,NA,NA,NA,NA,NA,NA,NA,NA,NA,NA,NA,NA,NA,NA,NA,NA,NA,NA,NA,NA,NA,NA,NA,NA,NA,NA,NA,45,728,9,710,746,318,13,294,344,0.44,3296,210,2910,3733,0.94,0.59,  919.57555,   29.7114546444,3%,37.62023701702331,-104.44356098402986,"  588,528.35","   19,015.33097244",Las Animas,3400,31,https://webmap.onxmaps.com/hunt/map#9.45/37.6202370170233/-104.44356098403
134,NA,NA,NA,NA,NA,NA,NA,NA,NA,NA,NA,NA,NA,NA,NA,NA,NA,NA,NA,NA,NA,NA,NA,NA,NA,NA,NA,NA,NA,45,728,9,710,746,318,13,294,344,0.44,3296,210,2910,3733,0.94,0.59,  632.10928,    4.2595314385,1%,37.455709017216144,-104.30938640767955,"  404,549.94","    2,726.10012061",Las Animas,3400,31,https://webmap.onxmaps.com/hunt/map#9.45/37.4557090172161/-104.30938640768
135,NA,NA,NA,NA,NA,NA,NA,NA,NA,NA,NA,NA,NA,NA,NA,NA,NA,NA,NA,NA,NA,NA,NA,NA,NA,NA,NA,NA,NA,45,728,9,710,746,318,13,294,344,0.44,3296,210,2910,3733,0.94,0.59,"1,188.70733",  380.1813117414,32%,37.78842899277512,-103.80693713572316,"  760,772.69","  243,316.03951447",Las Animas,3400,31,https://webmap.onxmaps.com/hunt/map#9.45/37.7884289927751/-103.806937135723
136,NA,NA,NA,NA,NA,NA,NA,NA,NA,NA,NA,NA,NA,NA,NA,NA,NA,NA,NA,NA,NA,NA,NA,NA,NA,NA,NA,NA,NA,45,728,9,710,746,318,13,294,344,0.44,3296,210,2910,3733,0.94,0.59,  905.50117,   57.2019687251,6%,37.43809979394027,-103.50601797008127,"  579,520.75","   36,609.25998404",Las Animas,3400,31,https://webmap.onxmaps.com/hunt/map#9.45/37.4380997939403/-103.506017970081
141,NA,NA,NA,NA,NA,NA,NA,NA,NA,NA,NA,NA,NA,NA,NA,NA,NA,NA,NA,NA,NA,NA,NA,NA,NA,NA,NA,NA,NA,45,728,9,710,746,318,13,294,344,0.44,3296,210,2910,3733,0.94,0.59,  377.69234,    0.9279928430,0%,37.29565413878794,-104.14405079302742,"  241,723.09",      593.91541953,Las Animas,3400,31,https://webmap.onxmaps.com/hunt/map#9.45/37.2956541387879/-104.144050793027
142,NA,NA,NA,NA,NA,NA,NA,NA,NA,NA,NA,NA,NA,NA,NA,NA,NA,NA,NA,NA,NA,NA,NA,NA,NA,NA,NA,NA,NA,45,728,9,710,746,318,13,294,344,0.44,3296,210,2910,3733,0.94,0.59,  586.03863,    0.7453834817,0%,37.49722632165355,-103.91826853715182,"  375,064.73",      477.04542828,Las Animas,3400,31,https://webmap.onxmaps.com/hunt/map#9.45/37.4972263216535/-103.918268537152
147,NA,NA,NA,NA,NA,NA,NA,NA,NA,NA,NA,NA,NA,NA,NA,NA,NA,NA,NA,NA,NA,NA,NA,NA,NA,NA,NA,NA,NA,45,728,9,710,746,318,13,294,344,0.44,3296,210,2910,3733,0.94,0.59,  511.86359,   18.4855004981,4%,37.31276051140567,-103.82325120783086,"  327,592.70","   11,830.72031876",Las Animas,3400,31,https://webmap.onxmaps.com/hunt/map#9.45/37.3127605114057/-103.823251207831
107,NA,NA,NA,NA,NA,NA,NA,NA,NA,NA,NA,NA,NA,NA,NA,NA,NA,NA,NA,NA,NA,NA,NA,NA,NA,NA,NA,NA,NA,46,860,13,836,885,342,16,312,374,0.4,3206,117,2984,3444,0.83,0.55,"2,087.17616",    1.7024678049,0%,39.49649089220772,-103.2625069013074,"1,335,792.74","    1,089.57939512",Big Sandy,5240,68,https://webmap.onxmaps.com/hunt/map#9.45/39.4964908922077/-103.262506901307
112,NA,NA,NA,NA,NA,NA,NA,NA,NA,NA,NA,NA,NA,NA,NA,NA,NA,NA,NA,NA,NA,NA,NA,NA,NA,NA,NA,NA,NA,46,860,13,836,885,342,16,312,374,0.4,3206,117,2984,3444,0.83,0.55,  490.82847,    0.0000000000,0%,39.03147406214156,-103.59651670546567,"  314,130.22",        0.00000000,Big Sandy,5240,68,https://webmap.onxmaps.com/hunt/map#9.45/39.0314740621416/-103.596516705466
113,NA,NA,NA,NA,NA,NA,NA,NA,NA,NA,NA,NA,NA,NA,NA,NA,NA,NA,NA,NA,NA,NA,NA,NA,NA,NA,NA,NA,NA,46,860,13,836,885,342,16,312,374,0.4,3206,117,2984,3444,0.83,0.55,  349.92599,    6.4544246017,2%,38.95147988789797,-103.35258967349426,"  223,952.63","    4,130.83174511",Big Sandy,5240,68,https://webmap.onxmaps.com/hunt/map#9.45/38.951479887898/-103.352589673494
114,NA,NA,NA,NA,NA,NA,NA,NA,NA,NA,NA,NA,NA,NA,NA,NA,NA,NA,NA,NA,NA,NA,NA,NA,NA,NA,NA,NA,NA,46,860,13,836,885,342,16,312,374,0.4,3206,117,2984,3444,0.83,0.55,  928.34963,    0.0000000000,0%,39.11174628426887,-103.23695991130477,"  594,143.76",        0.00000000,Big Sandy,5240,68,https://webmap.onxmaps.com/hunt/map#9.45/39.1117462842689/-103.236959911305
115,NA,NA,NA,NA,NA,NA,NA,NA,NA,NA,NA,NA,NA,NA,NA,NA,NA,NA,NA,NA,NA,NA,NA,NA,NA,NA,NA,NA,NA,46,860,13,836,885,342,16,312,374,0.4,3206,117,2984,3444,0.83,0.55,  598.91207,    0.0000000000,0%,39.02833659953873,-102.92526392344112,"  383,303.73",        0.00000000,Big Sandy,5240,68,https://webmap.onxmaps.com/hunt/map#9.45/39.0283365995387/-102.925263923441
120,NA,NA,NA,NA,NA,NA,NA,NA,NA,NA,NA,NA,NA,NA,NA,NA,NA,NA,NA,NA,NA,NA,NA,NA,NA,NA,NA,NA,NA,46,860,13,836,885,342,16,312,374,0.4,3206,117,2984,3444,0.83,0.55,  850.83777,    6.3460379777,1%,38.539826320344375,-103.60452673148224,"  544,536.17","    4,061.46430573",Big Sandy,5240,68,https://webmap.onxmaps.com/hunt/map#9.45/38.5398263203444/-103.604526731482
121,NA,NA,NA,NA,NA,NA,NA,NA,NA,NA,NA,NA,NA,NA,NA,NA,NA,NA,NA,NA,NA,NA,NA,NA,NA,NA,NA,NA,NA,46,860,13,836,885,342,16,312,374,0.4,3206,117,2984,3444,0.83,0.55,"1,721.22154",    1.0325359531,0%,38.6207029639268,-103.18493263121891,"1,101,581.78",      660.82300996,Big Sandy,5240,68,https://webmap.onxmaps.com/hunt/map#9.45/38.6207029639268/-103.184932631219
103,NA,NA,NA,NA,NA,NA,NA,NA,NA,NA,NA,NA,NA,NA,NA,NA,NA,NA,NA,NA,NA,NA,NA,NA,NA,NA,NA,NA,NA,47,1056,13,1031,1081,342,17,310,376,0.32,4513,130,4265,4775,0.86,0.53,  217.43666,   16.7568851720,8%,39.660040109294854,-102.15141030612736,"  139,159.46","   10,724.40651008",South Republican,3860,36,https://webmap.onxmaps.com/hunt/map#9.45/39.6600401092949/-102.151410306127
109,NA,NA,NA,NA,NA,NA,NA,NA,NA,NA,NA,NA,NA,NA,NA,NA,NA,NA,NA,NA,NA,NA,NA,NA,NA,NA,NA,NA,NA,47,1056,13,1031,1081,342,17,310,376,0.32,4513,130,4265,4775,0.86,0.53,"1,750.42919",    0.7415115371,0%,39.47460450202813,-102.48035045248704,"1,120,274.68",      474.56738377,South Republican,3860,36,https://webmap.onxmaps.com/hunt/map#9.45/39.4746045020281/-102.480350452487
116,NA,NA,NA,NA,NA,NA,NA,NA,NA,NA,NA,NA,NA,NA,NA,NA,NA,NA,NA,NA,NA,NA,NA,NA,NA,NA,NA,NA,NA,47,1056,13,1031,1081,342,17,310,376,0.32,4513,130,4265,4775,0.86,0.53,"1,597.87329",    0.0000000000,0%,39.06453077598625,-102.57408674407786,"1,022,638.90",        0.00000000,South Republican,3860,36,https://webmap.onxmaps.com/hunt/map#9.45/39.0645307759862/-102.574086744078
117,NA,NA,NA,NA,NA,NA,NA,NA,NA,NA,NA,NA,NA,NA,NA,NA,NA,NA,NA,NA,NA,NA,NA,NA,NA,NA,NA,NA,NA,47,1056,13,1031,1081,342,17,310,376,0.32,4513,130,4265,4775,0.86,0.53,  745.70852,    0.0986105842,0%,39.064815886703094,-102.17788555291712,"  477,253.45",       63.11077386,South Republican,3860,36,https://webmap.onxmaps.com/hunt/map#9.45/39.0648158867031/-102.177885552917
110,NA,NA,NA,NA,NA,NA,NA,NA,NA,NA,NA,NA,NA,NA,NA,NA,NA,NA,NA,NA,NA,NA,NA,NA,NA,NA,NA,NA,NA,48,895,19,858,934,368,18,335,404,0.41,4291,255,3820,4821,0.76,0.54,"1,033.78595",    1.0433024331,0%,38.98829097404643,-104.54421321012386,"  661,623.01",      667.71355719,Chico Basin,3520,17,https://webmap.onxmaps.com/hunt/map#9.45/38.9882909740464/-104.544213210124
111,NA,NA,NA,NA,NA,NA,NA,NA,NA,NA,NA,NA,NA,NA,NA,NA,NA,NA,NA,NA,NA,NA,NA,NA,NA,NA,NA,NA,NA,48,895,19,858,934,368,18,335,404,0.41,4291,255,3820,4821,0.76,0.54,"1,140.92298",    0.1024203482,0%,39.00947835744555,-103.96016952409684,"  730,190.71",       65.54902283,Chico Basin,3520,17,https://webmap.onxmaps.com/hunt/map#9.45/39.0094783574456/-103.960169524097
118,NA,NA,NA,NA,NA,NA,NA,NA,NA,NA,NA,NA,NA,NA,NA,NA,NA,NA,NA,NA,NA,NA,NA,NA,NA,NA,NA,NA,NA,48,895,19,858,934,368,18,335,404,0.41,4291,255,3820,4821,0.76,0.54,  827.45739,   23.1393022012,3%,38.71703080512228,-104.47671942847616,"  529,572.73","   14,809.15340876",Chico Basin,3520,17,https://webmap.onxmaps.com/hunt/map#9.45/38.7170308051223/-104.476719428476
119,NA,NA,NA,NA,NA,NA,NA,NA,NA,NA,NA,NA,NA,NA,NA,NA,NA,NA,NA,NA,NA,NA,NA,NA,NA,NA,NA,NA,NA,48,895,19,858,934,368,18,335,404,0.41,4291,255,3820,4821,0.76,0.54,  966.27184,    1.4029118814,0%,38.68531835621947,-103.95220954291216,"  618,413.98",      897.86360410,Chico Basin,3520,17,https://webmap.onxmaps.com/hunt/map#9.45/38.6853183562195/-103.952209542912
123,NA,NA,NA,NA,NA,NA,NA,NA,NA,NA,NA,NA,NA,NA,NA,NA,NA,NA,NA,NA,NA,NA,NA,NA,NA,NA,NA,NA,NA,48,895,19,858,934,368,18,335,404,0.41,4291,255,3820,4821,0.76,0.54,  888.91877,   18.6537029530,2%,38.42310389619845,-104.39958740546976,"  568,908.01","   11,938.36988989",Chico Basin,3520,17,https://webmap.onxmaps.com/hunt/map#9.45/38.4231038961984/-104.39958740547
124,NA,NA,NA,NA,NA,NA,NA,NA,NA,NA,NA,NA,NA,NA,NA,NA,NA,NA,NA,NA,NA,NA,NA,NA,NA,NA,NA,NA,NA,48,895,19,858,934,368,18,335,404,0.41,4291,255,3820,4821,0.76,0.54,"1,073.48038",   10.3362338642,1%,38.331987687425595,-103.95541383337492,"  687,027.44","    6,615.18967306",Chico Basin,3520,17,https://webmap.onxmaps.com/hunt/map#9.45/38.3319876874256/-103.955413833375
104,NA,NA,NA,NA,NA,NA,NA,NA,NA,NA,NA,NA,NA,NA,NA,NA,NA,NA,NA,NA,NA,NA,NA,NA,NA,NA,NA,NA,NA,49,2080,36,2010,2152,999,45,914,1092,0.48,13366,944,11641,15347,0.51,0.55,"2,452.70772",   99.4070824036,4%,39.59828573826437,-104.68733151085756,"1,569,732.94","   63,620.53273827",Bijou Creek,5620,43,https://webmap.onxmaps.com/hunt/map#9.45/39.5982857382644/-104.687331510858
105,NA,NA,NA,NA,NA,NA,NA,NA,NA,NA,NA,NA,NA,NA,NA,NA,NA,NA,NA,NA,NA,NA,NA,NA,NA,NA,NA,NA,NA,49,2080,36,2010,2152,999,45,914,1092,0.48,13366,944,11641,15347,0.51,0.55,"1,915.16416",    5.4143470046,0%,39.38538285547086,-104.19527510587795,"1,225,705.06","    3,465.18208295",Bijou Creek,5620,43,https://webmap.onxmaps.com/hunt/map#9.45/39.3853828554709/-104.195275105878
106,NA,NA,NA,NA,NA,NA,NA,NA,NA,NA,NA,NA,NA,NA,NA,NA,NA,NA,NA,NA,NA,NA,NA,NA,NA,NA,NA,NA,NA,49,2080,36,2010,2152,999,45,914,1092,0.48,13366,944,11641,15347,0.51,0.55,"1,008.06357",    0.0000000000,0%,39.56098034023488,-103.8189244039493,"  645,160.68",        0.00000000,Bijou Creek,5620,43,https://webmap.onxmaps.com/hunt/map#9.45/39.5609803402349/-103.818924403949
59,All Whitetail Only Rifle Seasons,0,0,0,32,0,131,38,6,30,0,2%,33,-1.2560739669470205e-15,59,"1,062",  359,34%,38.63553152685768,-104.93071633472243,"  679,587","  229,780",59 All Whitetail Only Rifle Seasons,30.1,89.1,https://webmap.onxmaps.com/hunt/map#9.45/38.6355315268577/-104.930716334722,"DF059O1M,DM059O1M,DM059O1A,DM059O2R,DM059O3R,DE048U6R",Whitetail Only Late Rifle Season,WTOLR,50,862,7,849,876,504,16,475,536,0.58,4100,164,3791,4435,0.86,0.57,"1,061.85398",  359.0311739539,34%,38.63553152685768,-104.93071633472243,"  679,586.55","  229,779.95133047",Rampart,3930,29,https://webmap.onxmaps.com/hunt/map#9.45/38.6355315268577/-104.930716334722
511,All Whitetail Only Rifle Seasons,0,0,0,12,0,49,14,0,3,0,0%,10,-0,511,  601,  370,61%,39.02133657600035,-105.08339590403808,"  384,760","  236,507",511 All Whitetail Only Rifle Seasons,20,32.5,https://webmap.onxmaps.com/hunt/map#9.45/39.0213365760004/-105.083395904038,"DF059O1M,DM059O1M,DM059O1A,DF511O2R,DM059O2R,DF511O3R,DM059O3R,DM511O4R,DF511P2R,DF511P3R,DM511P4R,DE048U6R",Whitetail Only Late Rifle Season,WTOLR,50,862,7,849,876,504,16,475,536,0.58,4100,164,3791,4435,0.86,0.57,  601.18763,  369.5417661075,61%,39.02133657600035,-105.08339590403808,"  384,760.08","  236,506.73030877",Rampart,3930,29,https://webmap.onxmaps.com/hunt/map#9.45/39.0213365760004/-105.083395904038
512,NA,NA,NA,NA,NA,NA,NA,NA,NA,NA,NA,NA,NA,NA,NA,NA,NA,NA,NA,NA,NA,NA,NA,NA,NA,NA,NA,Whitetail Only Late Rifle Season,NA,50,862,7,849,876,504,16,475,536,0.58,4100,164,3791,4435,0.86,0.57,   45.69124,    0.0426723515,0%,38.994988835746184,-104.85912143764496,"   29,242.40",       27.31030497,Rampart,3930,29,https://webmap.onxmaps.com/hunt/map#9.45/38.9949888357462/-104.859121437645
591,All Whitetail Only Rifle Seasons,17,4,22,73,30,350,55,9,30,17,19%,53,6.500000000000001,591,  353,    0,0%,38.558887933380966,-104.82665250195026,"  225,907",        0,591 All Whitetail Only Rifle Seasons,206.8,NA,https://webmap.onxmaps.com/hunt/map#9.45/38.558887933381/-104.82665250195,"DF591L1R,DM591L1R,DF059O1M,DM059O1M,DM059O1A,DE048U6R",Whitetail Only Late Rifle Season,WTOLR,50,862,7,849,876,504,16,475,536,0.58,4100,164,3791,4435,0.86,0.57,  352.97945,    0.0000903417,0%,38.558887933380966,-104.82665250195026,"  225,906.84",        0.05781869,Rampart,3930,29,https://webmap.onxmaps.com/hunt/map#9.45/38.558887933381/-104.82665250195
52,NA,NA,NA,NA,NA,NA,NA,NA,NA,NA,NA,NA,NA,NA,NA,NA,NA,NA,NA,NA,NA,NA,NA,NA,NA,NA,NA,NA,NA,51,2219,27,2167,2251,933,46,848,1028,0.42,10552,322,9939,11202,0.47,0.52,  437.66110,  209.1320487745,48%,38.933562970656375,-107.82856496028106,"  280,103.11","  133,844.51121571",South Grand Mesa,9490,32,https://webmap.onxmaps.com/hunt/map#9.45/38.9335629706564/-107.828564960281
411,NA,NA,NA,NA,NA,NA,NA,NA,NA,NA,NA,NA,NA,NA,NA,NA,NA,NA,NA,NA,NA,NA,NA,NA,NA,NA,NA,NA,NA,51,2219,27,2167,2251,933,46,848,1028,0.42,10552,322,9939,11202,0.47,0.52,  379.38473,  234.3151133374,62%,38.87365272060588,-108.0833378127964,"  242,806.23","  149,961.67253591",South Grand Mesa,9490,32,https://webmap.onxmaps.com/hunt/map#9.45/38.8736527206059/-108.083337812796
521,NA,NA,NA,NA,NA,NA,NA,NA,NA,NA,NA,NA,NA,NA,NA,NA,NA,NA,NA,NA,NA,NA,NA,NA,NA,NA,NA,NA,NA,51,2219,27,2167,2251,933,46,848,1028,0.42,10552,322,9939,11202,0.47,0.52,  842.55682,  634.9581901383,75%,39.03052366129115,-107.44644912379322,"  539,236.37","  406,373.24168852",South Grand Mesa,9490,32,https://webmap.onxmaps.com/hunt/map#9.45/39.0305236612911/-107.446449123793
74,NA,NA,NA,NA,NA,NA,NA,NA,NA,NA,NA,NA,NA,NA,NA,NA,NA,NA,NA,NA,NA,NA,NA,NA,NA,NA,NA,NA,NA,52,729,6,717,741,380,13,354,407,0.52,3534,85,3372,3705,0.89,0.58,  948.76532,  821.6109738506,87%,37.58237325661164,-107.8598842156596,"  607,209.80","  525,831.02326437",Hermosa,4640,30,https://webmap.onxmaps.com/hunt/map#9.45/37.5823732566116/-107.85988421566
741,NA,NA,NA,NA,NA,NA,NA,NA,NA,NA,NA,NA,NA,NA,NA,NA,NA,NA,NA,NA,NA,NA,NA,NA,NA,NA,NA,NA,NA,52,729,6,717,741,380,13,354,407,0.52,3534,85,3372,3705,0.89,0.58,  762.44786,   23.4760285922,3%,37.14199805671205,-108.0967104626059,"  487,966.63","   15,024.65829902",Hermosa,4640,30,https://webmap.onxmaps.com/hunt/map#9.45/37.141998056712/-108.096710462606
444,NA,NA,NA,NA,NA,NA,NA,NA,NA,NA,NA,NA,NA,NA,NA,NA,NA,NA,NA,NA,NA,NA,NA,NA,NA,NA,NA,NA,NA,53,511,10,492,532,255,16,226,288,0.5,2446,98,2261,2647,0.74,0.56,  622.40226,  409.4188097551,66%,39.44359782244991,-106.94552266255688,"  398,337.45","  262,028.03824328",Basalt,3170,25,https://webmap.onxmaps.com/hunt/map#9.45/39.4435978224499/-106.945522662557
93,NA,NA,NA,NA,NA,NA,NA,NA,NA,NA,NA,NA,NA,NA,NA,NA,NA,NA,NA,NA,NA,NA,NA,NA,NA,NA,NA,NA,NA,54,1472,20,1434,1511,585,22,542,630,0.4,7001,224,6577,7454,0.85,0.5,"1,650.43564",   12.5383852114,1%,40.7649613010467,-102.43330260192288,"1,056,278.81","    8,024.56653530",South Tablelands,3470,35,https://webmap.onxmaps.com/hunt/map#9.45/40.7649613010467/-102.433302601923
97,NA,NA,NA,NA,NA,NA,NA,NA,NA,NA,NA,NA,NA,NA,NA,NA,NA,NA,NA,NA,NA,NA,NA,NA,NA,NA,NA,NA,NA,54,1472,20,1434,1511,585,22,542,630,0.4,7001,224,6577,7454,0.85,0.5,"1,022.81224",    0.1386065229,0%,40.34678278608354,-103.188892648476,"  654,599.83",       88.70817468,South Tablelands,3470,35,https://webmap.onxmaps.com/hunt/map#9.45/40.3467827860835/-103.188892648476
98,NA,NA,NA,NA,NA,NA,NA,NA,NA,NA,NA,NA,NA,NA,NA,NA,NA,NA,NA,NA,NA,NA,NA,NA,NA,NA,NA,NA,NA,54,1472,20,1434,1511,585,22,542,630,0.4,7001,224,6577,7454,0.85,0.5,"3,089.34630",    7.4279385933,0%,40.37477382021328,-102.53445134468836,"1,977,181.63","    4,753.88069969",South Tablelands,3470,35,https://webmap.onxmaps.com/hunt/map#9.45/40.3747738202133/-102.534451344688
99,NA,NA,NA,NA,NA,NA,NA,NA,NA,NA,NA,NA,NA,NA,NA,NA,NA,NA,NA,NA,NA,NA,NA,NA,NA,NA,NA,NA,NA,54,1472,20,1434,1511,585,22,542,630,0.4,7001,224,6577,7454,0.85,0.5,"2,817.97430",    7.6178094901,0%,39.99159590155056,-104.04173473502816,"1,803,503.55","    4,875.39807364",South Tablelands,3470,35,https://webmap.onxmaps.com/hunt/map#9.45/39.9915959015506/-104.041734735028
100,NA,NA,NA,NA,NA,NA,NA,NA,NA,NA,NA,NA,NA,NA,NA,NA,NA,NA,NA,NA,NA,NA,NA,NA,NA,NA,NA,NA,NA,54,1472,20,1434,1511,585,22,542,630,0.4,7001,224,6577,7454,0.85,0.5,"1,806.04444",    0.1326872210,0%,39.9648867835581,-103.29267847395892,"1,155,868.44",       84.91982141,South Tablelands,3470,35,https://webmap.onxmaps.com/hunt/map#9.45/39.9648867835581/-103.292678473959
101,NA,NA,NA,NA,NA,NA,NA,NA,NA,NA,NA,NA,NA,NA,NA,NA,NA,NA,NA,NA,NA,NA,NA,NA,NA,NA,NA,NA,NA,55,535,0,535,535,205,9,189,223,0.38,2809,76,2664,2962,0.97,0.62,"1,166.86676",    1.1402649419,0%,39.96099801957773,-102.70577346133898,"  746,794.73",      729.76956279,Arickaree,2160,35,https://webmap.onxmaps.com/hunt/map#9.45/39.9609980195777/-102.705773461339
102,NA,NA,NA,NA,NA,NA,NA,NA,NA,NA,NA,NA,NA,NA,NA,NA,NA,NA,NA,NA,NA,NA,NA,NA,NA,NA,NA,NA,NA,55,535,0,535,535,205,9,189,223,0.38,2809,76,2664,2962,0.97,0.62,"1,254.11233",   18.1118304613,1%,39.83585694795638,-102.39486222077728,"  802,631.89","   11,591.57149526",Arickaree,2160,35,https://webmap.onxmaps.com/hunt/map#9.45/39.8358569479564/-102.394862220777
82,NA,NA,NA,NA,NA,NA,NA,NA,NA,NA,NA,NA,NA,NA,NA,NA,NA,NA,NA,NA,NA,NA,NA,NA,NA,NA,NA,NA,NA,56,482,9,465,500,294,13,270,320,0.61,2349,91,2178,2534,0.8,0.58,"1,750.90437",  972.2243507362,56%,37.87394169273942,-105.73015996019376,"1,120,578.79","  622,223.58447120",Sand Dunes,3560,29,https://webmap.onxmaps.com/hunt/map#9.45/37.8739416927394/-105.730159960194
83,NA,NA,NA,NA,NA,NA,NA,NA,NA,NA,NA,NA,NA,NA,NA,NA,NA,NA,NA,NA,NA,NA,NA,NA,NA,NA,NA,NA,NA,56,482,9,465,500,294,13,270,320,0.61,2349,91,2178,2534,0.8,0.58,"1,981.66428",  109.0068430848,6%,37.290712866857,-105.44863371660696,"1,268,265.14","   69,764.37957426",Sand Dunes,3560,29,https://webmap.onxmaps.com/hunt/map#9.45/37.290712866857/-105.448633716607
54,NA,NA,NA,NA,NA,NA,NA,NA,NA,NA,NA,NA,NA,NA,NA,NA,NA,NA,NA,NA,NA,NA,NA,NA,NA,NA,NA,NA,NA,57,2357,14,2329,2386,1559,26,1508,1612,0.66,11498,178,11155,11851,0.76,0.63,  959.57765,  745.4926292314,78%,38.64688732396949,-107.11986410248096,"  614,129.69","  477,115.28270813",Gunnison Basin,16360,37,https://webmap.onxmaps.com/hunt/map#9.45/38.6468873239695/-107.119864102481
55,NA,NA,NA,NA,NA,NA,NA,NA,NA,NA,NA,NA,NA,NA,NA,NA,NA,NA,NA,NA,NA,NA,NA,NA,NA,NA,NA,NA,NA,57,2357,14,2329,2386,1559,26,1508,1612,0.66,11498,178,11155,11851,0.76,0.63,"1,461.32967","1,304.8398678591",89%,38.80193101155206,-106.7136632145711,"  935,250.99","  835,097.51542983",Gunnison Basin,16360,37,https://webmap.onxmaps.com/hunt/map#9.45/38.8019310115521/-106.713663214571
66,NA,NA,NA,NA,NA,NA,NA,NA,NA,NA,NA,NA,NA,NA,NA,NA,NA,NA,NA,NA,NA,NA,NA,NA,NA,NA,NA,NA,NA,57,2357,14,2329,2386,1559,26,1508,1612,0.66,11498,178,11155,11851,0.76,0.63,"1,456.19175","1,172.5477737403",81%,38.14762963959218,-107.26262466110056,"  931,962.72","  750,430.57519378",Gunnison Basin,16360,37,https://webmap.onxmaps.com/hunt/map#9.45/38.1476296395922/-107.262624661101
67,NA,NA,NA,NA,NA,NA,NA,NA,NA,NA,NA,NA,NA,NA,NA,NA,NA,NA,NA,NA,NA,NA,NA,NA,NA,NA,NA,NA,NA,57,2357,14,2329,2386,1559,26,1508,1612,0.66,11498,178,11155,11851,0.76,0.63,"1,094.45325",  895.6119344722,82%,38.261450924466345,-106.88043976325038,"  700,450.08","  573,191.63806222",Gunnison Basin,16360,37,https://webmap.onxmaps.com/hunt/map#9.45/38.2614509244663/-106.88043976325
551,NA,NA,NA,NA,NA,NA,NA,NA,NA,NA,NA,NA,NA,NA,NA,NA,NA,NA,NA,NA,NA,NA,NA,NA,NA,NA,NA,NA,NA,57,2357,14,2329,2386,1559,26,1508,1612,0.66,11498,178,11155,11851,0.76,0.63,  890.92879,  772.7336020103,87%,38.42700766992021,-106.52128559946053,"  570,194.42","  494,549.50528657",Gunnison Basin,16360,37,https://webmap.onxmaps.com/hunt/map#9.45/38.4270076699202/-106.521285599461
